rank,gene,score
1,KCNK1,0.7355898022651672
2,PDE1A,0.7283058166503906
3,SORBS2,0.7236841917037964
4,GPR39,0.7218498587608337
5,PTPRT,0.7205876310666403
6,SEZ6L,0.7147206664085388
7,RGS4,0.7127451300621033
8,SHROOM3,0.7058035731315613
9,C12orf42,0.7012711763381958
10,ZNF804B,0.7000670433044434
11,COL21A1,0.6999399065971375
12,HAPLN2,0.6974489688873291
13,OPALIN,0.6970290243625641
14,IGFBP5,0.6967213153839111
15,UNC13C,0.6955745816230774
16,SORCS3,0.6948099136352539
17,ABCB1,0.6895565986633301
18,ZIC1,0.6886729001998901
19,CD36,0.6885204315185547
20,RASGRF2,0.686734676361084
21,ZNF385D,0.6858974695205688
22,ADM,0.6842705309391022
23,PPP1R3C,0.6839028596878052
24,GALNT14,0.6805555820465088
25,NOX4,0.6774016618728638
26,MMP16,0.6757904589176178
27,POU6F2,0.6754807829856873
28,DGKB,0.6699089109897614
29,SLC7A11,0.6694755554199219
30,LIPG,0.6693925261497498
31,EPHA7,0.6691052714983622
32,PDGFD,0.6687158346176147
33,SHISA9,0.6673640012741089
34,SCN9A,0.6647958755493164
35,RERGL,0.6636690497398376
36,SPOCD1,0.6631944179534912
37,LYZ,0.6618377566337585
38,BBOX1,0.6612261533737183
39,SEMA3E,0.6607142686843872
40,AGBL1,0.6605228185653687
41,RPH3A,0.6604167222976685
42,MEIS2,0.6603261232376099
43,BOC,0.6590908765792847
44,KCNJ3,0.6575926343599955
45,ID3,0.657436728477478
46,COBLL1,0.6565934419631958
47,SH3GL2,0.6564009189605713
48,CALCRL,0.6561135053634644
49,ST6GALNAC5,0.6558716297149658
50,KCTD16,0.6556490063667297
51,ELOVL7,0.6555369198322296
52,PCSK6,0.6535714864730835
53,CELF4,0.6517857313156128
54,KCNMB4,0.651494562625885
55,LRRC63,0.6496285200119019
56,SNCAIP,0.6492132842540741
57,ABI3BP,0.6491213440895081
58,KCNT2,0.6486014127731323
59,PAX3,0.6483253836631775
60,DNAH7,0.6480362415313721
61,FNTB,0.6465549767017365
62,ADCY1,0.6463232338428497
63,GEM,0.6457758925177834
64,ARMC3,0.6453329026699066
65,ANXA1,0.6426533261934916
66,VWC2L,0.6410098075866699
67,ATP10A,0.6382783651351929
68,CHST8,0.6344501972198486
69,VWC2,0.6321499943733215
70,AMPH,0.631155252456665
71,POLQ,0.630892276763916
72,CA10,0.6300366520881653
73,SAMD5,0.63002809882164
74,CDH12,0.6292539437611898
75,PLCXD3,0.6281958103179932
76,FRK,0.6278061270713806
77,GADD45G,0.6269083619117737
78,THSD7A,0.6264619827270508
79,TMEM178A,0.6261086463928223
80,MT1H,0.6257764101028442
81,GABBR2,0.6245861053466797
82,HSPB8,0.6243899067242941
83,CEND1,0.623641312122345
84,F5,0.622649610042572
85,SLC16A10,0.6216317415237427
86,BMPER,0.6205363273620605
87,TRDN,0.619107723236084
88,ARHGAP28,0.6164089441299438
89,GRM5,0.6162167668342591
90,TOX3,0.6149266958236694
91,TUBB4B,0.6142668724060059
92,ITGA2,0.6129807829856873
93,KCNS3,0.6113636493682861
94,MOAP1,0.6108765453100204
95,DLGAP1,0.6098793029785157
96,SERPINI2,0.6086753606796265
97,SCN1A,0.6076194445292155
98,FAP,0.6075830289295742
99,EPB41L4A,0.6065292358398438
100,EGF,0.6061564981937408
101,GRAMD1C,0.6057407855987549
102,CP,0.6040161947409312
103,ZNF98,0.602173924446106
104,PLCB4,0.6020208597183228
105,FAT3,0.6020051042238871
106,DEPDC1B,0.6017786264419556
107,ENPP6,0.6016483306884766
108,BRINP3,0.6012247800827026
109,GAS2,0.6007326245307922
110,THY1,0.6000258028507233
111,RSPO2,0.5996634662151337
112,ADAMTS19,0.5995025038719177
113,LAMA4,0.5991949439048767
114,SYNPO2,0.5989208221435547
115,RYR3,0.5984617273012797
116,EYA1,0.5981857776641846
117,KANK4,0.5975274443626404
118,SNTG1,0.5974665284156799
119,INA,0.5966836214065552
120,SNED1,0.5960682034492493
121,TTN,0.5927500128746033
122,SEL1L3,0.5921174585819244
123,ANTXR1,0.5906121492385864
124,RBPMS,0.5887304469943047
125,ATP8A2,0.5885959506034851
126,PAPPA2,0.5874069035053253
127,CPS1,0.5873161554336548
128,NAP1L5,0.586670458316803
129,ACTN2,0.5860806107521057
130,ADCY8,0.5826547145843506
131,ADAMTS12,0.5826149582862854
132,CRISPLD1,0.5811258554458618
133,CDH4,0.5800395607948303
134,MMD2,0.5792755385239919
135,HIF3A,0.5789117515087128
136,CDHR3,0.5788390785455704
137,SEMA3C,0.5769230723381042
138,RET,0.5758909185727438
139,CPXM2,0.5754571656386057
140,NSG2,0.5749759078025818
141,MAG,0.5742248892784119
142,RARB,0.5731596946716309
143,HS3ST2,0.5723957419395447
144,NWD1,0.5717731416225433
145,PDE3A,0.5711809396743774
146,LRAT,0.5710431337356567
147,EPHA4,0.5700718909502029
148,SVEP1,0.5688475072383881
149,USH1C,0.5677631497383118
150,CACNA1B,0.56419837474823
151,MPPED2,0.562714159488678
152,CHST2,0.5625
153,AQP1,0.5621130019426346
154,ANLN,0.5597934126853943
155,DCHS2,0.5591814517974854
156,LDB3,0.5572344064712524
157,KLHL29,0.5556801160176595
158,LYPD6,0.555232584476471
159,LRRIQ3,0.5528314709663391
160,LGR5,0.5521731376647949
161,ANKRD7,0.5517241358757019
162,PNMA8A,0.5510890732208887
163,GMPR,0.5488326027989388
164,TNC,0.5487742125988007
165,NOL4,0.5483129024505615
166,TMEM132B,0.5473160147666931
167,SYNJ2,0.5472399989763895
168,FRMPD2,0.5463483333587646
169,TNFRSF11B,0.5446403324604034
170,TENM3,0.5412793159484863
171,LRFN2,0.541189968585968
172,ATP6V0D2,0.5405611991882324
173,YAP1,0.5403094291687012
174,CACNA1C,0.5398922463258108
175,SLC6A11,0.5358776648839315
176,CPAMD8,0.5341750979423523
177,ETNPPL,0.5314575433731079
178,AGMO,0.5311224460601807
179,EBF1,0.5302881300449371
180,MT1G,0.5301293730735779
181,CCDC148,0.5291042476892471
182,SV2A,0.5286324272553126
183,ACSBG1,0.5273016691207886
184,TTC29,0.526129961013794
185,COL24A1,0.5260204076766968
186,GRIP1,0.5251363098621369
187,SPAG17,0.5242382287979126
188,IQCA1,0.5238941833376884
189,THSD7B,0.5224359631538391
190,LAMA1,0.5223941206932068
191,FREM2,0.5205554962158203
192,GUCY1A2,0.5202922224998474
193,RGMA,0.5196374654769897
194,VCAN,0.5189391300082207
195,CNTNAP3B,0.5185360908508301
196,CACNB4,0.5158728957176208
197,TRPC4,0.5158045887947083
198,CACHD1,0.5149106383323669
199,LGR6,0.5121402740478516
200,RORB,0.5118562919752938
201,ANGPTL4,0.5113964974880219
202,NKX6-2,0.5089972913265228
203,PKIA,0.5087475538253784
204,ITGBL1,0.5086584389209747
205,DACH1,0.5083626508712769
206,GFRA1,0.5071548819541931
207,TMC1,0.504601240158081
208,CHGB,0.4974810481071472
209,CALB2,0.4963991641998291
210,RASL12,0.49584487080574036
211,RFX4,0.4950884059071541
212,ANKRD22,0.49491916596889496
213,ACHE,0.4945286214351654
214,ABCC3,0.4924105405807495
215,ALDH1L1,0.4921834468841553
216,EFEMP1,0.4913433939218521
217,F3,0.4873521476984024
218,DLK1,0.48463451862335205
219,CPA6,0.4814142048358917
220,SLCO1C1,0.47804054617881775
221,ARHGAP42,0.47561929374933243
222,PARD3,0.4738912582397461
223,NECAB1,0.47332875430583954
224,GJA1,0.47044141803468975
225,TMEM59L,0.46828359365463257
226,MARCKSL1,0.46621279045939445
227,CNTNAP4,0.4624999761581421
228,SULF1,0.46233445405960083
229,DPYSL3,0.4602808356285095
230,CTXND1,0.45749157667160034
231,AEBP1,0.4557887464761734
232,DKK3,0.44570596516132355
233,LRP2,0.4432602822780609
234,TSHZ3,0.44189685583114624
235,RHOJ,0.43984469771385193
236,LRRTM4,0.4306591798861822
237,RIPOR2,0.43027254939079285
238,LMNTD1,0.4272572994232178
239,PHF21B,0.42052208781242373
240,PRRX1,0.4108544588088989
241,LDB2,0.40062326192855835
242,OPCML,0.40051286667585373
243,GLI3,0.3899501363436381
244,C8orf34,0.3511568605899811
245,LYVE1,0.33473382393519086
246,PDE7B,0.32262907425562537
247,VAV3,0.3104105144739151
248,ADAMTSL3,0.3082939734061559
249,CD83,0.29818481802940366
250,SLC25A21,0.2934473901987076
251,NR4A3,0.2844619154930115
252,BAALC,0.28336721658706665
253,COL18A1,0.2793736457824707
254,COL25A1,0.2784498085578283
255,KHDRBS2,0.2731693387031555
256,TPRG1,0.26506137251853945
257,GPC6,0.26498492807149887
258,FGF14,0.2642580538988113
259,KCNQ5,0.2625686824321747
260,TMEM132C,0.2612839937210083
261,NPNT,0.25438228249549866
262,AKAP12,0.2506793439388275
263,MYLK,0.24974454641342164
264,ARHGAP20,0.24385919173558557
265,SV2B,0.23877692222595215
266,PLCE1,0.23808378974596656
267,PALLD,0.22686246782541275
268,FAM107A,0.2219376266002655
269,PLOD2,0.21434847513834637
270,EPHA3,0.21017664670944214
271,RAB3C,0.20235262562831247
272,ID2,0.20094406604766846
273,RCAN2,0.19770793616771698
274,COL8A1,0.1922980099916458
275,TRHDE,0.187755286693573
276,IL1B,0.18695110082626343
277,CD44,0.18679829314351082
278,MOBP,0.18068097035090125
279,EMP1,0.1792998959620794
280,LMO3,0.1773873269557953
281,BICC1,0.17557851473490393
282,AGPAT4,0.1735453963279724
283,ADGRA3,0.17346566702638355
284,THEMIS,0.16966122388839722
285,ALDH1A2,0.16894671519597365
286,SLC5A11,0.16792666912078857
287,TSHZ2,0.16647413869698846
288,AGTR1,0.16565461456775665
289,SOX5,0.16426236501761843
290,KCNN3,0.1642480909824371
291,AQP4,0.16172445813814795
292,UGT8,0.16153116524219513
293,BACE2,0.1549828052520752
294,SERPINE1,0.15473649899164837
295,KCNK12,0.154717355966568
296,EPHA6,0.15415295958518982
297,RBMS3,0.1525055468082428
298,S100A1,0.1506311371922493
299,TAC1,0.14907890558242798
300,CH25H,0.14878550171852112
301,PPARGC1A,0.14766211062669754
302,DHCR24,0.14595356583595276
303,COL4A2,0.14571524659792578
304,SNX10,0.1448267251253128
305,CARMIL1,0.14401735663414006
306,ZNF804A,0.14201002528792933
307,FSTL5,0.14088129401206972
308,PTCHD4,0.13966565827528632
309,PAMR1,0.138575534025828
310,ADRA1A,0.13841506838798523
311,RNF19A,0.13832008764147757
312,SLC39A12,0.1366272164242608
313,SPON1,0.136015626291434
314,TMEM178B,0.1344434519608816
315,KCND3,0.1337111194928487
316,SLC2A3,0.1299545006318526
317,PAK5,0.12966972589492798
318,TUBA4A,0.12827872236569726
319,ABCA6,0.12783980593085287
320,STMN2,0.1277075390021007
321,KLF12,0.1268642283976078
322,SLC25A18,0.1260603964328766
323,ADAMTS17,0.12539728134870531
324,GRIN2A,0.12504595518112183
325,NAMPT,0.12394717967871466
326,RGS20,0.12364529818296432
327,SYT1,0.12287678321202594
328,RNF152,0.12266602473599575
329,SEMA5A,0.1226558079408282
330,CHST9,0.12212370832761132
331,GABRB1,0.1219264219204585
332,SEMA3D,0.11996576189994812
333,LRRC3B,0.11839572588602698
334,ARHGEF4,0.11578041315078735
335,KIF26B,0.11569932103157043
336,LRRIQ1,0.11362561583518982
337,CADPS2,0.11357286324103677
338,PCSK5,0.11226239548279693
339,UNC80,0.11213236302137375
340,PID1,0.11206983774900436
341,TUBB2B,0.1107483059167862
342,NXPH1,0.11058716007641378
343,PLAC8,0.10913142561912537
344,CACNA1A,0.10831652841333184
345,NEK10,0.10774254934354266
346,FOS,0.10701568987634447
347,BASP1,0.10638798879725597
348,TMEM108,0.10438740253448486
349,TPST1,0.10430198758840559
350,SLC11A1,0.10406171293421224
351,RIMS2,0.10387484729290009
352,EYA2,0.10321997318949017
353,CHODL,0.10277326688880017
354,SCD,0.10272074395265335
355,OSBPL3,0.10253377235852756
356,STPG2,0.10226426245989623
357,LDHA,0.10162758628527324
358,KCNJ6,0.10146045684814453
359,VSNL1,0.10104091962178546
360,GRIN2B,0.10101151466369629
361,PIP5K1B,0.10099478960037234
362,LAMA2,0.10049173484245943
363,SNCG,0.10018938779830933
364,NTNG1,0.10016767183939612
365,STUM,0.10014912486076355
366,STK32B,0.1001130908727646
367,KCNIP4,0.0989233794666472
368,NRCAM,0.09870144724845886
369,ETS2,0.09579475233952206
370,RGS6,0.09566701534133137
371,NPAS2,0.09523301323254901
372,MAN2A1,0.09480493615070973
373,IL1RAP,0.0945856623233311
374,CHL1,0.09436702728271484
375,SVIL,0.09401831456593102
376,HLA-DRB1,0.09333759972027367
377,NRG1,0.09327746629714961
378,ADGRG6,0.09273719489574428
379,TOX,0.09238219261169434
380,MYO5C,0.09236335754394531
381,ALDH1A1,0.09136590361595154
382,SOX6,0.09093496203422546
383,UBASH3B,0.09074691236019139
384,PACRG,0.09070279200871789
385,TNFRSF21,0.09051499925553796
386,LPIN1,0.09014583230018614
387,SLC18A2,0.08995422720909119
388,GALNT15,0.08978638052940369
389,SGCZ,0.08978032072385156
390,KCNB2,0.08967285354932153
391,UCHL1,0.08867349558406401
392,APOD,0.08826194490705219
393,CLSTN2,0.08795495276097898
394,PHACTR2,0.0875946313142777
395,PPM1E,0.08734287321567535
396,TGFB2,0.08730739355087275
397,SLC24A3,0.08728995833259368
398,HHIP,0.08646157383918762
399,PLEKHA5,0.08636243409580657
400,MT2A,0.08618322345945573
401,RGS10,0.08600656936566031
402,MAP3K8,0.08573495676474907
403,MCC,0.08568212389945984
404,GABRB2,0.08519645035266876
405,WIPF3,0.08509271343549096
406,ERC2,0.08499420881271369
407,CDH23,0.08494561248355437
408,C1orf87,0.08477655053138733
409,TMEM163,0.08477402292191982
410,WWC1,0.08433866500854492
411,CCSER1,0.0842936436335246
412,UNC5D,0.083809369802475
413,TPD52L1,0.08351179957389832
414,DSCAML1,0.08335731472029828
415,HAMP,0.08322516083717346
416,DUSP1,0.08257030881941319
417,CNDP1,0.08173501491546631
418,RGS7,0.0811514532701536
419,TMEM130,0.0804990828037262
420,KIF5A,0.08045867085456848
421,UNC5C,0.080249834805727
422,SLC38A1,0.07977051138877866
423,CHI3L1,0.07723156469208853
424,CACNA2D3,0.0765508269270262
425,KCTD8,0.07613142218553659
426,RGS16,0.07608504593372345
427,ANKFN1,0.07567097743352258
428,KYNU,0.07537928968667984
429,CLMP,0.07530038555463159
430,PPARG,0.07519611716270447
431,ROR1,0.0751429844361085
432,TAGLN3,0.07502239039449976
433,PEA15,0.07497568925221765
434,TF,0.07486890183462125
435,TH,0.07472245492365048
436,GRIK2,0.07436529596646635
437,B3GNT5,0.07436192455964208
438,IGFBP7,0.0741043577591578
439,SLC44A5,0.07410171934786969
440,CD69,0.07328877449035642
441,SERPINE2,0.07268548295611427
442,FMN2,0.07252589861551917
443,PDE10A,0.07242093153297902
444,SIGLEC1,0.07232732574145001
445,SLC35F1,0.0722039560476938
446,NEFL,0.07207006216049194
447,CEBPD,0.07204789619941215
448,RANBP3L,0.07183584570884705
449,NEFM,0.0718042440712452
450,CEMIP,0.0711336542259563
451,NCDN,0.07082388798395789
452,PDZRN4,0.07076472276216972
453,EYA4,0.07059823363632356
454,CADPS,0.07028067537716454
455,GPC5,0.07002682065857307
456,CDH10,0.06986759603023529
457,C3,0.06977385075555909
458,RASGEF1C,0.06974733477601636
459,SORBS1,0.06970826921120188
460,CTSB,0.06966438987752888
461,FBXO2,0.06944942474365234
462,PCDH7,0.06887240211168921
463,MGAT4C,0.06882202625274658
464,MBOAT1,0.06878631561994553
465,PLA2G7,0.06872590967253134
466,ANGPT1,0.06840353662317444
467,CNTN1,0.06833081245422357
468,FGD2,0.06818940076563096
469,SGCD,0.06789472437741462
470,BMPR1B,0.06782608450233163
471,EDNRB,0.06766253880092077
472,FBXO32,0.06760579347610474
473,CENPF,0.06723625407270761
474,CCDC85A,0.06712515652179718
475,ATP2B2,0.06710461974143989
476,NRXN3,0.06709938935744458
477,CCL3,0.0668444994550485
478,SLC2A13,0.06668223738670354
479,IFI44L,0.0666524291501116
480,OLR1,0.06661821405092877
481,PLCB1,0.06641338268915808
482,SLC24A4,0.06619322841817682
483,MIS18BP1,0.0661489509723403
484,CMTM7,0.06575960293412209
485,PEBP4,0.06556591391563416
486,RALYL,0.06549833218256629
487,SLC2A9,0.0654711822668711
488,DNM1,0.06533044150897427
489,PRDM6,0.0652551516890526
490,LRRC4C,0.06518842325630514
491,PIEZO2,0.06499046087265015
492,MAN1A1,0.06497604487271141
493,MT1M,0.06487885117530823
494,HSPA2,0.0645291805267334
495,ANKRD18A,0.06422686441378156
496,SLC14A1,0.06415181010961535
497,NTN1,0.06360831748355522
498,GINS3,0.063595712184906
499,ZNRF3,0.0635677009820938
500,PAM,0.06330784161885572
501,FLRT2,0.06322528918584192
502,ZFPM2,0.06289476156234741
503,NEGR1,0.06259576479593909
504,TOGARAM2,0.06258970499038696
505,GFAP,0.062407396237055435
506,SHISA6,0.062090277671813965
507,CA12,0.06199194788932799
508,GRIA1,0.06175072987874353
509,TBC1D9,0.06174422502517701
510,LHFPL3,0.061744129602213094
511,SLC8A3,0.06144692666000795
512,FRY,0.06132811556259793
513,OLFM3,0.0611904467145602
514,FRMD3,0.061152348915735844
515,RAB3A,0.06102647682030993
516,S100Z,0.060673926841645076
517,CCL2,0.06034363806247711
518,MS4A4A,0.06013304591178892
519,FLT1,0.06013132191087672
520,PLPPR1,0.05991276353597641
521,MSRB3,0.05991221751485554
522,DNAH14,0.05985534191131592
523,ZNF365,0.059796255826950084
524,IL18,0.059427338150831344
525,ADCY2,0.05936712452343529
526,NRXN1,0.059359639006502485
527,KCNE4,0.05919203410545981
528,MAP1B,0.05885848428779861
529,DCC,0.05866350730260206
530,PCDH15,0.05853213866551721
531,ATP8B4,0.058209729247859554
532,MYRIP,0.0580291575441757
533,KCNAB1,0.05771564345421465
534,ADAMTS9,0.05751310174281776
535,PRICKLE2,0.0574171668953366
536,GPRIN3,0.05738046308895489
537,PDE3B,0.057061742370327295
538,NKAIN3,0.05700502991676332
539,SLC35F3,0.056417375802993774
540,TNFAIP3,0.05629401832679071
541,EGFR,0.05622088466371811
542,NDRG4,0.05617565214633946
543,PLA2G4A,0.05595072585025007
544,GPAT3,0.05550701419512427
545,DLEU7,0.05518953056416953
546,CNBD1,0.055094316601753235
547,SYT6,0.055073626148395005
548,TENT5A,0.05507071954863413
549,CALN1,0.05500376224517822
550,MAFB,0.05499514232982283
551,TENM4,0.054750606417655945
552,UST,0.05469975861513521
553,PGM2L1,0.05467295050621035
554,WDR49,0.05461081117391586
555,ITGAX,0.05460677402360098
556,IRF8,0.054501972028187295
557,EFNA5,0.05443429405039002
558,ALK,0.05438576638698578
559,PALD1,0.0543305261754522
560,GRID2,0.05406603817041822
561,TUBB2A,0.054018765687942505
562,RORA,0.05399916569391883
563,PLEK,0.05390696869446682
564,SCG3,0.05379185080528259
565,SETBP1,0.05378008815977309
566,PRELID2,0.05375228936855608
567,CHSY3,0.0535651272019515
568,TNR,0.053219348192214966
569,LRFN5,0.05314683631846784
570,PTPRN,0.05313675105571747
571,ELMOD1,0.05285133719444279
572,COL4A1,0.05280915498733518
573,PCED1B,0.05277240350842477
574,GALNT18,0.05263760402089068
575,ENO2,0.05263113975524902
576,SLAIN1,0.052482446034749386
577,RAPGEF5,0.05247687875178819
578,SLC4A4,0.052474054128483494
579,SLA,0.05230949925524847
580,CACNB2,0.05218987808777742
581,ZBTB7C,0.0521569315057534
582,ANXA6,0.05204707880814874
583,DLGAP2,0.051913127303123474
584,ABTB2,0.05168723192285085
585,RUNX2,0.051636968372446135
586,GNA14,0.0515870579651424
587,TUBA1A,0.050974689875588286
588,DDR2,0.05093416273593898
589,DDAH1,0.050759072105089786
590,CD96,0.05053699943754408
591,CENPP,0.05044008846636172
592,AGBL4,0.05031304258634062
593,RIMS1,0.0499650239944458
594,GPR183,0.04951387643814087
595,NMNAT2,0.049362337710630866
596,LRRK2,0.04926576858593357
597,CABLES1,0.049224880732357756
598,LPAR6,0.04920471942295196
599,MYO1F,0.0491831513742606
600,SUGCT,0.04910761117935181
601,PRKCH,0.0490540997297676
602,DYNC1I1,0.04900115082313966
603,LUZP2,0.048813448933994086
604,MND1,0.04878084758917489
605,NKAIN2,0.04848629911609181
606,CALY,0.04844317478793003
607,LGI1,0.048408264915148436
608,STMN4,0.04826772212982178
609,GREB1L,0.04824882745742798
610,CPE,0.048216420092752954
611,FAM20A,0.04819799011403869
612,HBB,0.04813343961773875
613,S100B,0.04805407488547897
614,SCCPDH,0.04794355730215705
615,LRRK1,0.04785421791002731
616,VEGFA,0.047820016741752625
617,LAPTM5,0.0477203970377868
618,ATP6V1B2,0.04765755262894511
619,MED12L,0.04735085368156433
620,PLXNA2,0.04686996482667466
621,CPLX2,0.046842238306999184
622,DPP10,0.046663918665477255
623,KCND2,0.04661436378955841
624,SRGN,0.04649611314137775
625,NLGN1,0.04597531080854911
626,PLAGL1,0.04594541287847925
627,INPP4B,0.04583749671777093
628,KIAA1217,0.04580730199813843
629,KCNQ3,0.04568613978142433
630,NEBL,0.04568113883336389
631,NRG3,0.045455919844763604
632,MSR1,0.045436178719859444
633,MCTP1,0.04511755704879761
634,CHST11,0.044959305045465914
635,CD163,0.044943501551945986
636,LPCAT2,0.04494106074174242
637,WLS,0.044869690456669775
638,PRR16,0.044860106088428664
639,CLSTN3,0.04480611183507277
640,HTR7,0.0445873126932157
641,RANBP17,0.04456795664394608
642,GLIS3,0.04396761934726667
643,STXBP5L,0.04382520313116389
644,BNC2,0.04379301028592247
645,GPR158,0.04370569288730619
646,ZDHHC20,0.04362137440372915
647,NEFH,0.0433963457743326
648,SLC1A2,0.04330120881398525
649,COL27A1,0.04325478076934819
650,IGF1,0.04322717122056274
651,CLEC5A,0.04313702384630841
652,ELAVL2,0.043078960755744855
653,FGL1,0.04284602403640747
654,HS3ST4,0.04282729625701909
655,C2CD6,0.0428130680864508
656,BACH1,0.04272441565990448
657,TIMP3,0.04267537891864781
658,PDZRN3,0.04264397670825326
659,ESR1,0.04240606625874843
660,STK32A,0.042046288826635914
661,SLIT2,0.04196911113602775
662,BRINP1,0.04165755169528523
663,SNAP25,0.04156066548256654
664,TMEM51,0.04153722723325093
665,GPM6A,0.041448644051949146
666,CDH8,0.041352791339159034
667,GRIN1,0.04120630676619674
668,PRKG1,0.04112515747547152
669,SERINC1,0.04106677418405358
670,MDGA2,0.04084860285123193
671,CACNA1D,0.040731739794087174
672,CTSC,0.04068594633237177
673,FCGR2A,0.04044351596680901
674,ALPK1,0.04041992220613699
675,AIF1,0.04030721386273706
676,CNTNAP2,0.039839497870869156
677,CYBA,0.0397918175498978
678,LHFPL6,0.039730965879090085
679,CCK,0.039646127478407345
680,KIRREL3,0.039612630523225834
681,MEF2C,0.03954209271404485
682,RBFOX1,0.039344578981399536
683,RUNX1,0.03926926383785173
684,CRYAB,0.03920364429268297
685,PPP1R14A,0.039059478346852305
686,MX2,0.039035506546497345
687,ST18,0.03886366564603072
688,SLC4A7,0.03880256037046381
689,IGSF21,0.03837289485064421
690,ACTG1,0.03831106739445822
691,SV2C,0.038220683733622196
692,ST8SIA1,0.038206279277801514
693,RNF150,0.03802456106794505
694,APLP1,0.0378946761290232
695,CALM3,0.03783367680651806
696,ARHGEF26,0.0378232575953007
697,C1orf21,0.03759928053055983
698,CAMK2G,0.03727752554650393
699,SERPINI1,0.03715274731318152
700,KCNE1,0.03713887929916382
701,GAP43,0.03710069190686072
702,ARPP21,0.03618517667055132
703,SRGAP2B,0.03611722069256229
704,TNFRSF1B,0.03605775289483126
705,FTH1,0.03592460889082688
706,HS3ST5,0.035794072877025074
707,NCKAP1L,0.0357694784800211
708,RNLS,0.03570083217187364
709,RHBDF2,0.0355954776917185
710,SYTL3,0.035251090450892364
711,OTULINL,0.0352473419446212
712,UTRN,0.0350213824283509
713,STK33,0.03495762278051939
714,ETV6,0.03489217907190323
715,CLEC7A,0.0346154537465837
716,APOE,0.0345388890049983
717,FPR3,0.03441174913317391
718,RTTN,0.03410945436754431
719,FTL,0.03395586870610712
720,ACSS3,0.03382870554924011
721,FMN1,0.033679067579090116
722,MRAS,0.033557762418474524
723,STXBP1,0.03354865312576294
724,MALRD1,0.03350807268215317
725,IQCJ-SCHIP1,0.03309638186626174
726,CLVS1,0.033026695251464844
727,PSMA1,0.03295278650793165
728,REEP1,0.03280717134475708
729,SAMD4A,0.032631615255370006
730,LGALS1,0.03254207076061333
731,KLHL1,0.03247363505908518
732,CA8,0.03241457100858025
733,ATP1A2,0.032345120202411315
734,C1QB,0.03232643859727041
735,CTNND2,0.03231636285781858
736,KBTBD12,0.032254639298024856
737,CTNNA2,0.03212276533955627
738,RASGRF1,0.0313768881329658
739,HCK,0.03119092630089182
740,ARL15,0.031178569982922233
741,SYT4,0.031033834815025307
742,CNP,0.030992604250257738
743,PTPRG,0.030805865923563602
744,ADAMTS18,0.03062421828508377
745,SELENOP,0.030302278917420544
746,SDK1,0.030222205320994067
747,ENTPD1,0.02987239056063773
748,COLEC12,0.02957669456215467
749,NRSN1,0.029523135044357995
750,EEF1A2,0.029460537433624312
751,HSPA8,0.02938826680183415
752,PLCL2,0.029341953882464633
753,SKAP2,0.029102640226483345
754,TNIK,0.02905742016931373
755,MRC1,0.029012400825361717
756,CD163L1,0.028977798695834167
757,HMOX1,0.028873772422472577
758,DCLK2,0.02878379475179882
759,NETO2,0.028697116921345356
760,SDC4,0.028474175930023216
761,ITGA4,0.028216195603211758
762,DCLK1,0.028209940779575837
763,FGF12,0.027977031381659967
764,NSF,0.02764227498661387
765,CLDND1,0.027477275507122867
766,TYK2,0.02735416623368514
767,YWHAG,0.027209859410369797
768,CD74,0.026646753627780462
769,CR1,0.02661491102642488
770,DGKG,0.026598847329912356
771,HPGDS,0.026569713245362503
772,XKR6,0.026433544123873998
773,TMTC1,0.026419609785079956
774,LYN,0.02639872456028447
775,ABCC4,0.02599678011167622
776,HPSE2,0.025968902141526806
777,SULT4A1,0.025847239461210036
778,PLXNA4,0.025838727034440567
779,CTSS,0.025829128243706423
780,FRMD4A,0.02546167004135147
781,ROBO2,0.025408085340108633
782,F13A1,0.025020786788728433
783,TCF7L1,0.024985988438129436
784,WDFY4,0.024891433469371393
785,PKP4,0.02473316610687304
786,COL11A1,0.024699294286915363
787,C1QC,0.024684745531815766
788,TRPM3,0.02457885889925504
789,ANO4,0.024371035593120705
790,SCG2,0.02415143777605211
791,ADGRV1,0.024021572344230913
792,IPCEF1,0.023907113454498363
793,CD86,0.023765435407241742
794,FYB1,0.023702351136072997
795,NCK2,0.023654249213424294
796,CD14,0.02364518025328255
797,KLHL6,0.02350993146972047
798,HLA-DPB1,0.023450531618340542
799,CARD11,0.023301443173771808
800,LRMDA,0.023246275412069806
801,GNB4,0.022996965904450883
802,GABRG2,0.02295774221420288
803,ERMN,0.022873365565350134
804,CDKN1C,0.022790865213782707
805,P3H2,0.022789180278778076
806,OXR1,0.022576621707228517
807,NTRK3,0.022469505667686462
808,FCGBP,0.022356442227931428
809,HS6ST3,0.022311222255229968
810,ABCA9,0.02229052285353339
811,EGR1,0.022231072187423706
812,SNTB1,0.022220393021901375
813,FOXP2,0.02212444113360512
814,HILPDA,0.02206135626547845
815,SERPINB9,0.02192109526366748
816,DOCK8,0.02191967951051843
817,SH3RF3,0.021797103572451126
818,SYNDIG1,0.021762674919780012
819,CPVL,0.021650673938797937
820,PCLO,0.021622666919773326
821,GCNT2,0.021541824707618118
822,MACROD2,0.021538636088371255
823,ST8SIA4,0.021356161683797836
824,IL15,0.02073349324556495
825,DPYSL5,0.02053319040466761
826,NTRK2,0.020475648219386744
827,TUBB,0.020344741642475073
828,CD53,0.0203343565994637
829,GABRA1,0.02025054395198822
830,MAML3,0.020160208741823837
831,KCNMA1,0.02010620969422855
832,ARHGAP18,0.02003721349072035
833,TENM2,0.020009910465628278
834,HSP90AB1,0.01970905788017041
835,ZSCAN31,0.019513333837191338
836,A2M,0.019452639640318292
837,STMN1,0.019402568597516323
838,LHFPL2,0.019330979537482196
839,TUBA1B,0.019281797060692663
840,FCGR3A,0.0190933720879658
841,MDH1,0.019083691777869005
842,DENND3,0.018980999078069494
843,SRGAP2,0.018829350131953082
844,HES1,0.01871893852949147
845,CADM3,0.01869626130376545
846,RFC3,0.01838583782037323
847,ACOT7,0.018329644109184084
848,GULP1,0.018272916475931766
849,TM6SF1,0.018234502555977583
850,TLR2,0.017991135079486742
851,APBB1IP,0.017983626342633452
852,PKM,0.017907527716536253
853,ACACB,0.017772737511609793
854,CNTNAP5,0.01766051161408555
855,KCNIP1,0.01757384907631654
856,POU2F2,0.017567242762209667
857,ST6GAL1,0.017404788070254862
858,CMKLR1,0.017297819002061843
859,ARHGAP25,0.017262141857492308
860,GPNMB,0.0171735195224621
861,PITPNC1,0.017063122559217048
862,GAPDH,0.016896099929337605
863,RNF144B,0.01667727409007491
864,TGFBR2,0.0166556454621829
865,TFEC,0.016615855197111784
866,TMSB10,0.01649745984107076
867,DYSF,0.016225725364300447
868,GHITM,0.01610307893827201
869,PTPRZ1,0.016056050616599316
870,HLA-DPA1,0.016017584487645342
871,EPHB1,0.015922099351882935
872,PEG10,0.015648133523819108
873,GNAS,0.015557406350408587
874,HSP90AA1,0.015482701443053859
875,LRCH1,0.015403280360847038
876,VIM,0.015211044399943585
877,SPARCL1,0.015129343715925114
878,AFF3,0.01508815981970546
879,C1QA,0.014925538639423919
880,MGST1,0.014826720083753242
881,MEGF11,0.01482390165328984
882,DTNA,0.014701353690841024
883,LCP2,0.014645142845397585
884,MS4A4E,0.014463399149020617
885,TGFBI,0.014456333233772989
886,CSF3R,0.014414184166553823
887,ABLIM1,0.014281048640316651
888,CDK18,0.014056839070884952
889,SMIM35,0.013857593853858652
890,SVIP,0.013796864527292674
891,DSCAM,0.013762070522421899
892,CYFIP1,0.013673401954640396
893,STAB1,0.013567934415108507
894,ATRNL1,0.013561081152420495
895,TMEM156,0.01355714987843265
896,VGF,0.013480405296598108
897,TNFAIP8,0.013437483991895371
898,MT1E,0.013434794545173656
899,GUCY1B1,0.013376622895399648
900,COL5A3,0.013226454456647274
901,BLNK,0.01296195940228323
902,KALRN,0.012873023748397827
903,MEF2A,0.012687873057270316
904,SAMSN1,0.012664637251904143
905,PEBP1,0.012477065028401402
906,IKZF1,0.012443490504709054
907,RYR2,0.012380016985393705
908,ARHGAP24,0.012196994069271744
909,SLC8A1,0.012139435493126238
910,INPP5D,0.011601470471952258
911,CX3CR1,0.011522415377831441
912,RGS1,0.011501383471621773
913,P2RY12,0.011493677480353237
914,DLC1,0.011489159962598361
915,YWHAB,0.011341263912275967
916,PDGFC,0.011287433571285699
917,AHCYL1,0.011226600036025047
918,MGAT4A,0.011155366626652785
919,PRR5L,0.010779844721158338
920,APOC1,0.010771263639132223
921,SCIN,0.010714639218759203
922,GNG2,0.010705893185544546
923,SRGAP2C,0.010399997510433301
924,NRP1,0.010396394133567854
925,CSF1R,0.010301803223809247
926,DNAH5,0.01029174178838732
927,ATP1B1,0.010245038032956066
928,KCNK13,0.009893487312514049
929,FEZ1,0.009872029225031498
930,TBC1D4,0.009853470108861617
931,MYOF,0.00968989511036955
932,LY86,0.009661979130789367
933,UGCG,0.009268960309407048
934,MS4A6A,0.009072486559549953
935,SPP1,0.008964551368145057
936,CFAP54,0.0088118314743042
937,TBXAS1,0.008738160288410013
938,CD84,0.008648771047592152
939,SOCS6,0.008401986545654272
940,SLC2A5,0.008270585246748619
941,TRPM2,0.008086234895412048
942,SLC6A3,0.008016062418505776
943,GALNTL6,0.007981377733723871
944,KHDRBS3,0.007887261810194612
945,CIITA,0.007764478524525997
946,CTNNA3,0.007463825608675201
947,SMAP2,0.007455286779880277
948,ALOX5,0.007345340217330687
949,TGFBR1,0.007168100844618164
950,CHRM5,0.006277531261503544
951,RCSD1,0.0062049480066412865
952,KSR2,0.0061991257605209515
953,PIK3AP1,0.005979172598857163
954,PAG1,0.005909537701026646
955,HDAC9,0.005589492570155119
956,ADAM28,0.005561758028833463
957,ST8SIA6,0.005466697865365133
958,EGLN3,0.005334779620170593
959,CSMD1,0.004850993080744659
960,PELI1,0.004510379789604113
961,CCL4,0.004366394877433788
962,PTPRC,0.004187123311890473
963,IRAK3,0.003571372041998866
964,MARCO,0.0032326358894587126
965,DOCK2,0.002467203057474554
966,NFATC2,0.0024484037495414723
967,PLD5,0.0023816498107133155
968,HLA-DRA,0.0018837860947936713
969,CPED1,0.0016532632863429653
970,DISC1,0.0013544990971927073
971,LRRC7,0.0013000766178229428
972,PIK3R5,0.001127522380708068
973,MERTK,0.0003700155300828123
974,PLCH1,0.00022325416405999388
975,AOAH,-3.204015509478131e-05
976,EPSTI1,-8.280041301245156e-05
977,HCLS1,-0.0001821253258187383
978,SLCO2B1,-0.0005909468978643195
979,NCAN,-0.0006694934197833957
980,CPNE8,-0.0009665930720318405
981,PLXDC2,-0.0015961824232362531
982,HRH1,-0.0017002933986196567
983,SYK,-0.0019079523184934444
984,FAM149A,-0.0020859833903934533
985,ROR2,-0.002183944371110247
986,FLI1,-0.0025027985288624266
987,GHR,-0.0028686761856079324
988,GLDN,-0.0029694856682167536
989,ARHGAP15,-0.004762244896149959
990,RIN3,-0.005017917159709673
991,SP100,-0.005040132991916857
992,SFMBT2,-0.00789278983293612
993,SUSD1,-0.009688204346152862
994,RBM47,-0.010608763943369903
995,PLCL1,-0.012411428144878722
996,NHSL1,-0.013553439771875397
997,FAR2,-0.016149707733803198
998,CYP4F12,-0.028705914815266964
999,IQGAP2,-0.03471265374838328
1000,CSGALNACT1,-0.04101429177359178
