cell_index,leiden
0,0
1,1
2,0
3,0
4,0
5,0
6,0
7,2
8,3
9,0
10,0
11,0
12,0
13,0
14,1
15,2
16,1
17,0
18,0
19,0
20,0
21,0
22,0
23,0
24,0
25,0
26,0
27,0
28,0
29,0
30,0
31,0
32,0
33,0
34,0
35,0
36,0
37,0
38,0
39,0
40,0
41,0
42,0
43,1
44,0
45,0
46,1
47,0
48,0
49,0
50,0
51,0
52,0
53,0
54,0
55,0
56,0
57,0
58,0
59,0
60,0
61,1
62,0
63,0
64,0
65,0
66,0
67,0
68,0
69,2
70,2
71,0
72,0
73,0
74,0
75,0
76,1
77,0
78,0
79,0
80,0
81,0
82,0
83,0
84,0
85,0
86,1
87,0
88,0
89,0
90,0
91,0
92,1
93,4
94,0
95,2
96,0
97,0
98,0
99,0
100,2
101,0
102,0
103,0
104,0
105,0
106,0
107,0
108,0
109,0
110,2
111,0
112,1
113,0
114,1
115,0
116,3
117,0
118,0
119,0
120,3
121,0
122,0
123,0
124,4
125,0
126,0
127,1
128,1
129,4
130,4
131,0
132,0
133,0
134,0
135,0
136,3
137,0
138,1
139,1
140,1
141,1
142,1
143,0
144,1
145,1
146,1
147,0
148,1
149,1
150,0
151,1
152,0
153,0
154,1
155,0
156,0
157,1
158,1
159,1
160,0
161,0
162,1
163,0
164,1
165,1
166,1
167,0
168,4
169,1
170,0
171,1
172,3
173,0
174,0
175,1
176,1
177,0
178,0
179,0
180,1
181,1
182,1
183,0
184,1
185,1
186,0
187,2
188,1
189,0
190,1
191,1
192,1
193,1
194,1
195,1
196,1
197,2
198,1
199,0
200,0
201,1
202,1
203,2
204,0
205,1
206,1
207,1
208,0
209,1
210,0
211,1
212,1
213,0
214,0
215,0
216,1
217,0
218,5
219,4
220,0
221,0
222,0
223,1
224,0
225,1
226,1
227,1
228,1
229,1
230,1
231,0
232,1
233,1
234,1
235,1
236,1
237,1
238,0
239,1
240,1
241,1
242,0
243,1
244,0
245,4
246,0
247,1
248,1
249,0
250,1
251,0
252,0
253,1
254,1
255,0
256,1
257,1
258,0
259,4
260,3
261,1
262,0
263,1
264,0
265,1
266,1
267,1
268,0
269,0
270,0
271,0
272,2
273,0
274,1
275,1
276,1
277,1
278,0
279,1
280,4
281,0
282,0
283,1
284,0
285,0
286,1
287,0
288,1
289,0
290,0
291,0
292,1
293,0
294,0
295,0
296,0
297,1
298,1
299,3
300,1
301,1
302,0
303,0
304,1
305,1
306,0
307,1
308,0
309,1
310,0
311,0
312,0
313,0
314,0
315,1
316,0
317,1
318,1
319,0
320,0
321,0
322,1
323,0
324,4
325,1
326,1
327,4
328,0
329,0
330,1
331,1
332,0
333,1
334,0
335,1
336,1
337,1
338,0
339,3
340,2
341,1
342,1
343,1
344,0
345,0
346,1
347,0
348,0
349,1
350,0
351,1
352,1
353,0
354,1
355,1
356,1
357,1
358,1
359,0
360,0
361,0
362,1
363,0
364,1
365,2
366,0
367,1
368,1
369,1
370,1
371,0
372,0
373,0
374,1
375,0
376,0
377,1
378,1
379,0
380,1
381,0
382,0
383,1
384,4
385,0
386,1
387,1
388,0
389,1
390,1
391,1
392,0
393,2
394,1
395,0
396,4
397,3
398,1
399,3
400,1
401,0
402,5
403,1
404,0
405,0
406,0
407,1
408,0
409,1
410,1
411,1
412,0
413,0
414,1
415,4
416,0
417,1
418,1
419,0
420,0
421,0
422,0
423,1
424,1
425,0
426,2
427,0
428,1
429,3
430,2
431,1
432,1
433,0
434,1
435,1
436,0
437,0
438,1
439,1
440,2
441,1
442,0
443,0
444,1
445,0
446,1
447,3
448,1
449,1
450,0
451,0
452,0
453,1
454,3
455,1
456,2
457,1
458,1
459,0
460,1
461,1
462,0
463,0
464,1
465,0
466,1
467,1
468,0
469,0
470,1
471,1
472,3
473,1
474,0
475,0
476,0
477,1
478,1
479,1
480,0
481,1
482,0
483,3
484,0
485,4
486,1
487,1
488,2
489,1
490,1
491,1
492,1
493,1
494,1
495,0
496,0
497,0
498,0
499,0
500,4
501,1
502,0
503,0
504,0
505,0
506,1
507,2
508,1
509,0
510,0
511,1
512,1
513,0
514,0
515,0
516,0
517,0
518,0
519,0
520,0
521,0
522,0
523,1
524,1
525,1
526,0
527,1
528,0
529,2
530,0
531,0
532,0
533,0
534,0
535,1
536,0
537,1
538,0
539,0
540,1
541,1
542,1
543,1
544,0
545,0
546,0
547,1
548,0
549,1
550,0
551,0
552,0
553,0
554,1
555,0
556,1
557,2
558,1
559,4
560,0
561,1
562,1
563,1
564,0
565,0
566,1
567,1
568,1
569,0
570,0
571,3
572,1
573,0
574,0
575,1
576,0
577,0
578,0
579,0
580,0
581,2
582,1
583,1
584,1
585,0
586,1
587,1
588,0
589,0
590,1
591,0
592,0
593,1
594,1
595,0
596,0
597,2
598,2
599,0
600,0
601,0
602,0
603,0
604,0
605,2
606,1
607,0
608,1
609,0
610,1
611,3
612,1
613,1
614,0
615,0
616,0
617,1
618,2
619,0
620,1
621,0
622,1
623,1
624,2
625,0
626,0
627,0
628,4
629,1
630,0
631,0
632,1
633,1
634,0
635,0
636,0
637,4
638,1
639,1
640,1
641,1
642,1
643,1
644,0
645,0
646,1
647,0
648,1
649,1
650,0
651,1
652,0
653,1
654,1
655,1
656,3
657,1
658,0
659,1
660,2
661,3
662,0
663,0
664,1
665,1
666,0
667,4
668,1
669,1
670,0
671,0
672,0
673,0
674,1
675,0
676,1
677,0
678,1
679,1
680,0
681,4
682,0
683,0
684,0
685,1
686,0
687,0
688,3
689,3
690,0
691,0
692,4
693,1
694,1
695,1
696,0
697,0
698,0
699,0
700,0
701,0
702,0
703,0
704,0
705,0
706,0
707,0
708,0
709,0
710,0
711,0
712,0
713,0
714,0
715,2
716,0
717,0
718,0
719,0
720,0
721,0
722,2
723,2
724,0
725,0
726,0
727,0
728,0
729,0
730,0
731,1
732,0
733,0
734,0
735,0
736,0
737,1
738,0
739,0
740,0
741,0
742,0
743,0
744,0
745,3
746,0
747,0
748,1
749,0
750,0
751,0
752,0
753,0
754,0
755,0
756,0
757,0
758,2
759,0
760,0
761,0
762,0
763,0
764,0
765,0
766,0
767,0
768,0
769,0
770,0
771,1
772,1
773,0
774,0
775,0
776,0
777,1
778,0
779,3
780,0
781,3
782,3
783,1
784,0
785,2
786,0
787,4
788,0
789,0
790,0
791,1
792,0
793,0
794,0
795,0
796,0
797,0
798,0
799,0
800,1
801,0
802,2
803,0
804,0
805,1
806,2
807,0
808,0
809,0
810,0
811,0
812,0
813,0
814,0
815,0
816,0
817,0
818,0
819,1
820,0
821,0
822,1
823,0
824,0
825,0
826,0
827,0
828,0
829,1
830,0
831,0
832,3
833,0
834,0
835,0
836,1
837,1
838,1
839,1
840,1
841,1
842,0
843,1
844,0
845,0
846,0
847,0
848,1
849,0
850,1
851,1
852,0
853,0
854,0
855,0
856,0
857,0
858,0
859,0
860,0
861,3
862,0
863,0
864,0
865,1
866,0
867,5
868,1
869,0
870,0
871,1
872,0
873,1
874,0
875,0
876,0
877,0
878,0
879,1
880,1
881,0
882,0
883,1
884,0
885,1
886,0
887,1
888,1
889,0
890,1
891,0
892,0
893,1
894,0
895,0
896,0
897,0
898,0
899,0
900,1
901,0
902,1
903,0
904,0
905,3
906,1
907,1
908,1
909,1
910,0
911,0
912,2
913,4
914,1
915,0
916,0
917,0
918,0
919,0
920,0
921,1
922,0
923,2
924,1
925,3
926,0
927,1
928,0
929,0
930,1
931,1
932,1
933,1
934,0
935,0
936,0
937,1
938,0
939,0
940,1
941,0
942,0
943,0
944,0
945,1
946,0
947,1
948,1
949,0
950,2
951,0
952,0
953,0
954,1
955,0
956,1
957,0
958,1
959,0
960,0
961,0
962,0
963,0
964,0
965,0
966,1
967,0
968,1
969,2
970,1
971,0
972,0
973,4
974,0
975,2
976,1
977,0
978,0
979,1
980,0
981,3
982,1
983,0
984,0
985,0
986,1
987,0
988,1
989,0
990,0
991,0
992,0
993,0
994,0
995,3
996,0
997,0
998,0
999,2
1000,1
1001,1
1002,0
1003,1
1004,0
1005,2
1006,1
1007,1
1008,0
1009,1
1010,2
1011,0
1012,1
1013,2
1014,0
1015,0
1016,1
1017,1
1018,0
1019,0
1020,1
1021,2
1022,0
1023,0
1024,0
1025,0
1026,1
1027,0
1028,0
1029,1
1030,0
1031,0
1032,0
1033,1
1034,0
1035,1
1036,0
1037,1
1038,1
1039,1
1040,1
1041,0
1042,0
1043,1
1044,1
1045,2
1046,2
1047,2
1048,2
1049,2
1050,2
1051,0
1052,2
1053,2
1054,0
1055,1
1056,2
1057,2
1058,2
1059,2
1060,2
1061,2
1062,2
1063,2
1064,2
1065,2
1066,2
1067,2
1068,2
1069,2
1070,2
1071,2
1072,2
1073,2
1074,2
1075,2
1076,2
1077,2
1078,2
1079,2
1080,2
1081,2
1082,0
1083,2
1084,2
1085,2
1086,1
1087,0
1088,2
1089,2
1090,2
1091,2
1092,2
1093,2
1094,2
1095,0
1096,2
1097,2
1098,2
1099,2
1100,2
1101,2
1102,2
1103,1
1104,2
1105,2
1106,2
1107,2
1108,0
1109,2
1110,1
1111,2
1112,2
1113,2
1114,2
1115,2
1116,2
1117,2
1118,2
1119,2
1120,2
1121,2
1122,1
1123,1
1124,2
1125,2
1126,2
1127,2
1128,2
1129,2
1130,2
1131,2
1132,2
1133,1
1134,2
1135,1
1136,2
1137,2
1138,2
1139,2
1140,0
1141,1
1142,2
1143,2
1144,2
1145,2
1146,1
1147,2
1148,1
1149,0
1150,2
1151,1
1152,2
1153,2
1154,2
1155,2
1156,2
1157,2
1158,2
1159,0
1160,3
1161,1
1162,2
1163,2
1164,0
1165,2
1166,2
1167,2
1168,2
1169,2
1170,2
1171,2
1172,2
1173,2
1174,2
1175,2
1176,2
1177,2
1178,2
1179,2
1180,2
1181,2
1182,2
1183,0
1184,2
1185,2
1186,2
1187,2
1188,2
1189,2
1190,1
1191,2
1192,2
1193,2
1194,2
1195,2
1196,2
1197,2
1198,2
1199,2
1200,2
1201,2
1202,2
1203,2
1204,2
1205,2
1206,2
1207,2
1208,1
1209,2
1210,2
1211,2
1212,2
1213,2
1214,2
1215,2
1216,2
1217,0
1218,1
1219,2
1220,2
1221,1
1222,2
1223,2
1224,2
1225,2
1226,2
1227,2
1228,2
1229,2
1230,2
1231,2
1232,2
1233,2
1234,2
1235,2
1236,2
1237,1
1238,2
1239,0
1240,2
1241,2
1242,2
1243,2
1244,2
1245,2
1246,2
1247,1
1248,0
1249,2
1250,2
1251,2
1252,2
1253,2
1254,2
1255,1
1256,2
1257,0
1258,2
1259,1
1260,2
1261,2
1262,2
1263,2
1264,2
1265,2
1266,0
1267,2
1268,2
1269,2
1270,0
1271,2
1272,2
1273,2
1274,2
1275,2
1276,2
1277,2
1278,2
1279,1
1280,2
1281,2
1282,2
1283,0
1284,2
1285,0
1286,1
1287,2
1288,2
1289,2
1290,2
1291,2
1292,2
1293,2
1294,2
1295,2
1296,2
1297,2
1298,2
1299,2
1300,2
1301,2
1302,2
1303,2
1304,2
1305,5
1306,2
1307,2
1308,2
1309,2
1310,2
1311,2
1312,1
1313,2
1314,2
1315,1
1316,2
1317,2
1318,2
1319,2
1320,2
1321,2
1322,2
1323,2
1324,2
1325,2
1326,2
1327,2
1328,2
1329,2
1330,2
1331,2
1332,2
1333,2
1334,2
1335,2
1336,2
1337,2
1338,2
1339,1
1340,2
1341,2
1342,2
1343,0
1344,2
1345,2
1346,2
1347,2
1348,1
1349,2
1350,2
1351,2
1352,2
1353,2
1354,2
1355,2
1356,2
1357,2
1358,2
1359,2
1360,2
1361,2
1362,2
1363,2
1364,2
1365,2
1366,1
1367,2
1368,2
1369,2
1370,1
1371,2
1372,2
1373,2
1374,2
1375,2
1376,2
1377,2
1378,1
1379,2
1380,2
1381,2
1382,2
1383,2
1384,2
1385,2
1386,2
1387,2
1388,2
1389,2
1390,2
1391,2
1392,0
1393,0
1394,0
1395,0
1396,0
1397,0
1398,0
1399,1
1400,0
1401,0
1402,0
1403,0
1404,0
1405,0
1406,0
1407,0
1408,0
1409,0
1410,0
1411,0
1412,1
1413,0
1414,0
1415,0
1416,0
1417,0
1418,0
1419,0
1420,0
1421,0
1422,0
1423,2
1424,0
1425,0
1426,0
1427,0
1428,0
1429,1
1430,0
1431,0
1432,0
1433,1
1434,0
1435,0
1436,0
1437,2
1438,0
1439,0
1440,0
1441,0
1442,0
1443,0
1444,0
1445,0
1446,0
1447,0
1448,0
1449,1
1450,0
1451,0
1452,0
1453,0
1454,0
1455,0
1456,1
1457,0
1458,0
1459,0
1460,2
1461,0
1462,0
1463,0
1464,0
1465,1
1466,0
1467,0
1468,0
1469,0
1470,0
1471,1
1472,0
1473,2
1474,0
1475,0
1476,0
1477,0
1478,4
1479,0
1480,1
1481,0
1482,0
1483,0
1484,0
1485,2
1486,0
1487,0
1488,0
1489,0
1490,0
1491,0
1492,0
1493,1
1494,0
1495,0
1496,0
1497,0
1498,0
1499,0
1500,0
1501,0
1502,0
1503,0
1504,0
1505,0
1506,0
1507,0
1508,0
1509,0
1510,2
1511,0
1512,0
1513,0
1514,0
1515,0
1516,0
1517,1
1518,0
1519,2
1520,2
1521,0
1522,0
1523,0
1524,0
1525,2
1526,0
1527,2
1528,0
1529,0
1530,0
1531,0
1532,0
1533,0
1534,2
1535,0
1536,0
1537,0
1538,0
1539,0
1540,0
1541,0
1542,0
1543,1
1544,0
1545,0
1546,0
1547,1
1548,0
1549,0
1550,0
1551,0
1552,1
1553,2
1554,0
1555,0
1556,2
1557,0
1558,0
1559,1
1560,0
1561,0
1562,0
1563,0
1564,0
1565,0
1566,0
1567,0
1568,0
1569,0
1570,0
1571,0
1572,0
1573,0
1574,2
1575,2
1576,0
1577,0
1578,2
1579,0
1580,0
1581,5
1582,0
1583,0
1584,0
1585,1
1586,0
1587,0
1588,0
1589,0
1590,0
1591,0
1592,0
1593,0
1594,0
1595,1
1596,0
1597,3
1598,0
1599,0
1600,0
1601,0
1602,2
1603,0
1604,0
1605,0
1606,0
1607,0
1608,0
1609,3
1610,0
1611,0
1612,0
1613,2
1614,3
1615,0
1616,0
1617,1
1618,0
1619,0
1620,0
1621,4
1622,0
1623,0
1624,0
1625,3
1626,0
1627,0
1628,0
1629,1
1630,0
1631,0
1632,1
1633,0
1634,0
1635,0
1636,0
1637,3
1638,1
1639,0
1640,1
1641,0
1642,0
1643,1
1644,0
1645,0
1646,0
1647,0
1648,0
1649,2
1650,0
1651,0
1652,0
1653,2
1654,2
1655,0
1656,0
1657,0
1658,0
1659,0
1660,0
1661,0
1662,0
1663,0
1664,0
1665,0
1666,0
1667,0
1668,0
1669,2
1670,0
1671,0
1672,0
1673,0
1674,0
1675,0
1676,1
1677,0
1678,0
1679,0
1680,2
1681,0
1682,0
1683,0
1684,1
1685,4
1686,2
1687,0
1688,0
1689,0
1690,0
1691,0
1692,0
1693,0
1694,0
1695,1
1696,2
1697,0
1698,0
1699,0
1700,2
1701,0
1702,1
1703,1
1704,1
1705,0
1706,2
1707,2
1708,0
1709,0
1710,0
1711,2
1712,2
1713,0
1714,2
1715,1
1716,0
1717,0
1718,0
1719,0
1720,0
1721,0
1722,0
1723,0
1724,1
1725,0
1726,0
1727,0
1728,0
1729,0
1730,0
1731,0
1732,0
1733,0
1734,0
1735,0
1736,0
1737,2
1738,2
1739,0
1740,0
1741,0
1742,1
1743,0
1744,0
1745,0
1746,1
1747,1
1748,0
1749,0
1750,0
1751,0
1752,0
1753,0
1754,0
1755,0
1756,0
1757,0
1758,0
1759,0
1760,0
1761,0
1762,0
1763,0
1764,0
1765,1
1766,0
1767,0
1768,1
1769,0
1770,1
1771,1
1772,0
1773,0
1774,0
1775,0
1776,0
1777,0
1778,0
1779,0
1780,0
1781,0
1782,0
1783,0
1784,0
1785,1
1786,0
1787,0
1788,0
1789,0
1790,0
1791,0
1792,0
1793,0
1794,0
1795,0
1796,0
1797,0
1798,1
1799,0
1800,0
1801,0
1802,0
1803,0
1804,0
1805,0
1806,5
1807,0
1808,0
1809,0
1810,0
1811,0
1812,0
1813,0
1814,0
1815,0
1816,0
1817,0
1818,0
1819,0
1820,0
1821,0
1822,1
1823,0
1824,0
1825,0
1826,0
1827,0
1828,0
1829,0
1830,0
1831,0
1832,0
1833,0
1834,0
1835,0
1836,0
1837,0
1838,0
1839,0
1840,0
1841,0
1842,0
1843,0
1844,0
1845,0
1846,1
1847,0
1848,1
1849,1
1850,1
1851,0
1852,0
1853,0
1854,0
1855,0
1856,1
1857,1
1858,1
1859,0
1860,0
1861,1
1862,0
1863,0
1864,0
1865,1
1866,0
1867,3
1868,0
1869,3
1870,0
1871,1
1872,0
1873,1
1874,4
1875,0
1876,0
1877,1
1878,1
1879,0
1880,1
1881,2
1882,0
1883,0
1884,1
1885,0
1886,0
1887,0
1888,0
1889,1
1890,1
1891,0
1892,1
1893,1
1894,0
1895,0
1896,0
1897,1
1898,0
1899,2
1900,1
1901,0
1902,0
1903,3
1904,0
1905,2
1906,1
1907,0
1908,1
1909,3
1910,2
1911,0
1912,1
1913,0
1914,0
1915,0
1916,0
1917,0
1918,0
1919,0
1920,0
1921,0
1922,3
1923,1
1924,0
1925,4
1926,0
1927,1
1928,1
1929,1
1930,0
1931,1
1932,0
1933,3
1934,1
1935,0
1936,0
1937,1
1938,1
1939,0
1940,0
1941,1
1942,0
1943,4
1944,0
1945,0
1946,1
1947,0
1948,1
1949,0
1950,0
1951,2
1952,0
1953,0
1954,1
1955,1
1956,0
1957,0
1958,1
1959,0
1960,0
1961,1
1962,0
1963,0
1964,0
1965,0
1966,0
1967,0
1968,1
1969,0
1970,0
1971,1
1972,2
1973,3
1974,0
1975,0
1976,0
1977,0
1978,0
1979,0
1980,1
1981,1
1982,0
1983,0
1984,0
1985,0
1986,0
1987,1
1988,0
1989,3
1990,0
1991,1
1992,0
1993,0
1994,1
1995,1
1996,1
1997,0
1998,1
1999,1
2000,1
2001,0
2002,0
2003,2
2004,1
2005,1
2006,1
2007,0
2008,1
2009,0
2010,2
2011,2
2012,1
2013,1
2014,0
2015,2
2016,2
2017,2
2018,0
2019,2
2020,1
2021,1
2022,0
2023,2
2024,5
2025,1
2026,1
2027,1
2028,2
2029,2
2030,0
2031,1
2032,1
2033,0
2034,2
2035,1
2036,2
2037,1
2038,1
2039,2
2040,2
2041,2
2042,1
2043,1
2044,2
2045,1
2046,2
2047,2
2048,1
2049,1
2050,2
2051,1
2052,1
2053,1
2054,2
2055,2
2056,1
2057,1
2058,1
2059,2
2060,1
2061,2
2062,1
2063,1
2064,1
2065,2
2066,1
2067,1
2068,1
2069,1
2070,1
2071,2
2072,1
2073,1
2074,1
2075,2
2076,1
2077,2
2078,1
2079,2
2080,1
2081,1
2082,2
2083,1
2084,1
2085,2
2086,1
2087,4
2088,1
2089,1
2090,3
2091,1
2092,1
2093,1
2094,1
2095,1
2096,1
2097,1
2098,1
2099,2
2100,2
2101,1
2102,1
2103,2
2104,1
2105,1
2106,2
2107,1
2108,1
2109,1
2110,1
2111,1
2112,1
2113,2
2114,2
2115,1
2116,1
2117,1
2118,3
2119,4
2120,5
2121,2
2122,1
2123,2
2124,2
2125,1
2126,2
2127,2
2128,2
2129,1
2130,1
2131,1
2132,0
2133,1
2134,2
2135,2
2136,1
2137,1
2138,1
2139,1
2140,2
2141,1
2142,2
2143,1
2144,2
2145,1
2146,1
2147,1
2148,1
2149,1
2150,2
2151,0
2152,1
2153,2
2154,2
2155,2
2156,1
2157,1
2158,2
2159,2
2160,2
2161,1
2162,2
2163,1
2164,1
2165,1
2166,1
2167,2
2168,1
2169,1
2170,1
2171,1
2172,1
2173,1
2174,4
2175,1
2176,1
2177,3
2178,1
2179,2
2180,1
2181,1
2182,1
2183,1
2184,0
2185,1
2186,0
2187,1
2188,0
2189,4
2190,1
2191,1
2192,1
2193,2
2194,0
2195,1
2196,1
2197,1
2198,2
2199,1
2200,1
2201,1
2202,1
2203,1
2204,1
2205,1
2206,1
2207,1
2208,1
2209,2
2210,2
2211,1
2212,2
2213,1
2214,2
2215,2
2216,1
2217,1
2218,1
2219,1
2220,1
2221,1
2222,2
2223,1
2224,2
2225,2
2226,1
2227,1
2228,2
2229,2
2230,1
2231,2
2232,1
2233,2
2234,1
2235,1
2236,1
2237,1
2238,0
2239,0
2240,1
2241,1
2242,2
2243,2
2244,1
2245,2
2246,0
2247,0
2248,2
2249,1
2250,1
2251,1
2252,1
2253,2
2254,2
2255,1
2256,0
2257,0
2258,0
2259,0
2260,0
2261,2
2262,0
2263,1
2264,0
2265,1
2266,2
2267,0
2268,2
2269,1
2270,0
2271,0
2272,1
2273,2
2274,2
2275,0
2276,2
2277,1
2278,0
2279,1
2280,0
2281,1
2282,1
2283,0
2284,2
2285,0
2286,1
2287,0
2288,1
2289,0
2290,1
2291,1
2292,0
2293,0
2294,0
2295,0
2296,0
2297,1
2298,0
2299,1
2300,2
2301,0
2302,2
2303,3
2304,1
2305,2
2306,2
2307,0
2308,2
2309,0
2310,2
2311,2
2312,0
2313,0
2314,2
2315,2
2316,1
2317,2
2318,2
2319,2
2320,1
2321,1
2322,0
2323,0
2324,3
2325,5
2326,1
2327,1
2328,0
2329,0
2330,2
2331,0
2332,1
2333,2
2334,2
2335,0
2336,1
2337,2
2338,1
2339,0
2340,1
2341,2
2342,1
2343,1
2344,0
2345,1
2346,1
2347,2
2348,2
2349,2
2350,0
2351,0
2352,1
2353,0
2354,2
2355,1
2356,2
2357,2
2358,2
2359,1
2360,2
2361,2
2362,2
2363,2
2364,2
2365,0
2366,0
2367,2
2368,0
2369,0
2370,1
2371,0
2372,1
2373,1
2374,0
2375,2
2376,0
2377,1
2378,0
2379,2
2380,0
2381,1
2382,0
2383,1
2384,0
2385,0
2386,2
2387,0
2388,2
2389,0
2390,2
2391,2
2392,2
2393,2
2394,2
2395,1
2396,1
2397,0
2398,2
2399,2
2400,2
2401,1
2402,1
2403,1
2404,0
2405,0
2406,0
2407,1
2408,0
2409,2
2410,1
2411,1
2412,1
2413,2
2414,0
2415,0
2416,2
2417,2
2418,0
2419,1
2420,0
2421,0
2422,0
2423,0
2424,1
2425,1
2426,0
2427,0
2428,0
2429,0
2430,0
2431,0
2432,0
2433,0
2434,1
2435,0
2436,0
2437,0
2438,0
2439,0
2440,0
2441,0
2442,0
2443,0
2444,1
2445,0
2446,0
2447,0
2448,1
2449,0
2450,0
2451,0
2452,0
2453,0
2454,0
2455,0
2456,0
2457,0
2458,0
2459,0
2460,1
2461,0
2462,0
2463,1
2464,0
2465,0
2466,1
2467,0
2468,1
2469,0
2470,3
2471,3
2472,0
2473,0
2474,0
2475,1
2476,1
2477,0
2478,1
2479,0
2480,0
2481,0
2482,0
2483,0
2484,0
2485,1
2486,1
2487,0
2488,0
2489,0
2490,0
2491,0
2492,0
2493,0
2494,0
2495,0
2496,0
2497,0
2498,0
2499,0
2500,1
2501,0
2502,0
2503,0
2504,0
2505,0
2506,1
2507,0
2508,0
2509,0
2510,0
2511,0
2512,1
2513,0
2514,0
2515,0
2516,1
2517,0
2518,0
2519,0
2520,0
2521,0
2522,0
2523,1
2524,0
2525,0
2526,0
2527,0
2528,0
2529,0
2530,0
2531,0
2532,0
2533,1
2534,1
2535,0
2536,0
2537,0
2538,0
2539,0
2540,0
2541,0
2542,0
2543,1
2544,0
2545,0
2546,0
2547,0
2548,0
2549,0
2550,1
2551,0
2552,0
2553,0
2554,0
2555,0
2556,0
2557,0
2558,0
2559,0
2560,0
2561,0
2562,0
2563,2
2564,0
2565,0
2566,0
2567,0
2568,1
2569,1
2570,1
2571,2
2572,2
2573,1
2574,0
2575,0
2576,1
2577,0
2578,1
2579,0
2580,1
2581,1
2582,0
2583,1
2584,2
2585,0
2586,0
2587,0
2588,1
2589,2
2590,1
2591,1
2592,0
2593,0
2594,1
2595,2
2596,1
2597,0
2598,1
2599,1
2600,0
2601,1
2602,0
2603,0
2604,1
2605,0
2606,0
2607,1
2608,0
2609,0
2610,1
2611,0
2612,0
2613,1
2614,1
2615,5
2616,5
2617,1
2618,0
2619,0
2620,1
2621,1
2622,0
2623,0
2624,2
2625,1
2626,0
2627,0
2628,1
2629,0
2630,2
2631,1
2632,1
2633,4
2634,1
2635,1
2636,1
2637,0
2638,2
2639,2
2640,1
2641,2
2642,1
2643,0
2644,1
2645,0
2646,1
2647,1
2648,2
2649,1
2650,0
2651,2
2652,0
2653,1
2654,1
2655,1
2656,1
2657,0
2658,0
2659,0
2660,1
2661,0
2662,0
2663,0
2664,0
2665,1
2666,1
2667,0
2668,2
2669,2
2670,1
2671,0
2672,0
2673,0
2674,0
2675,0
2676,0
2677,2
2678,0
2679,4
2680,0
2681,0
2682,0
2683,0
2684,0
2685,0
2686,2
2687,0
2688,0
2689,0
2690,0
2691,0
2692,0
2693,4
2694,0
2695,2
2696,4
2697,0
2698,0
2699,0
2700,1
2701,0
2702,0
2703,0
2704,0
2705,0
2706,0
2707,0
2708,1
2709,0
2710,2
2711,2
2712,2
2713,2
2714,1
2715,0
2716,3
2717,0
2718,2
2719,2
2720,2
2721,1
2722,2
2723,2
2724,2
2725,0
2726,0
2727,1
2728,2
2729,1
2730,2
2731,1
2732,2
2733,1
2734,1
2735,1
2736,0
2737,0
2738,2
2739,2
2740,0
2741,2
2742,2
2743,2
2744,2
2745,1
2746,2
2747,2
2748,0
2749,2
2750,2
2751,2
2752,0
2753,0
2754,1
2755,0
2756,2
2757,2
2758,2
2759,0
2760,2
2761,0
2762,2
2763,2
2764,2
2765,2
2766,0
2767,2
2768,0
2769,2
2770,2
2771,2
2772,2
2773,0
2774,1
2775,2
2776,1
2777,1
2778,2
2779,2
2780,1
2781,2
2782,0
2783,2
2784,1
2785,0
2786,1
2787,2
2788,1
2789,2
2790,2
2791,2
2792,2
2793,2
2794,2
2795,1
2796,0
2797,1
2798,2
2799,5
2800,2
2801,2
2802,2
2803,1
2804,2
2805,2
2806,2
2807,2
2808,0
2809,0
2810,2
2811,2
2812,2
2813,0
2814,2
2815,2
2816,1
2817,1
2818,1
2819,0
2820,0
2821,2
2822,1
2823,2
2824,2
2825,0
2826,2
2827,0
2828,2
2829,2
2830,1
2831,2
2832,0
2833,0
2834,2
2835,2
2836,1
2837,1
2838,2
2839,0
2840,0
2841,2
2842,2
2843,2
2844,2
2845,2
2846,2
2847,0
2848,2
2849,0
2850,2
2851,2
2852,1
2853,2
2854,1
2855,2
2856,2
2857,2
2858,1
2859,0
2860,1
2861,2
2862,2
2863,1
2864,1
2865,2
2866,0
2867,1
2868,2
2869,2
2870,1
2871,0
2872,2
2873,3
2874,2
2875,0
2876,2
2877,0
2878,2
2879,0
2880,0
2881,1
2882,2
2883,2
2884,1
2885,2
2886,2
2887,2
2888,1
2889,0
2890,2
2891,0
2892,0
2893,0
2894,1
2895,2
2896,2
2897,2
2898,2
2899,1
2900,0
2901,3
2902,0
2903,2
2904,3
2905,0
2906,2
2907,2
2908,1
2909,2
2910,2
2911,2
2912,2
2913,1
2914,1
2915,1
2916,1
2917,3
2918,2
2919,2
2920,1
2921,2
2922,0
2923,0
2924,0
2925,2
2926,1
2927,2
2928,2
2929,0
2930,2
2931,2
2932,2
2933,0
2934,0
2935,2
2936,2
2937,1
2938,1
2939,1
2940,2
2941,2
2942,2
2943,2
2944,1
2945,2
2946,1
2947,2
2948,2
2949,2
2950,0
2951,0
2952,2
2953,2
2954,2
2955,2
2956,2
2957,2
2958,2
2959,2
2960,2
2961,0
2962,2
2963,0
2964,0
2965,2
2966,2
2967,2
2968,3
2969,1
2970,1
2971,2
2972,2
2973,0
2974,2
2975,2
2976,2
2977,2
2978,1
2979,1
2980,2
2981,1
2982,2
2983,2
2984,1
2985,0
2986,0
2987,0
2988,0
2989,2
2990,2
2991,2
2992,1
2993,1
2994,2
2995,2
2996,1
2997,2
2998,5
2999,1
3000,2
3001,0
3002,0
3003,0
3004,0
3005,0
3006,0
3007,0
3008,0
3009,0
3010,0
3011,0
3012,2
3013,0
3014,0
3015,1
3016,3
3017,2
3018,0
3019,2
3020,0
3021,0
3022,0
3023,0
3024,0
3025,0
3026,2
3027,0
3028,0
3029,3
3030,0
3031,0
3032,0
3033,0
3034,0
3035,0
3036,0
3037,0
3038,2
3039,0
3040,1
3041,0
3042,2
3043,0
3044,0
3045,0
3046,0
3047,0
3048,0
3049,0
3050,0
3051,0
3052,0
3053,0
3054,0
3055,0
3056,0
3057,0
3058,0
3059,0
3060,0
3061,0
3062,0
3063,0
3064,0
3065,2
3066,0
3067,2
3068,0
3069,0
3070,0
3071,0
3072,0
3073,0
3074,0
3075,0
3076,0
3077,0
3078,2
3079,1
3080,0
3081,0
3082,0
3083,0
3084,0
3085,3
3086,0
3087,0
3088,2
3089,0
3090,0
3091,0
3092,0
3093,0
3094,0
3095,0
3096,2
3097,0
3098,0
3099,1
3100,2
3101,0
3102,2
3103,2
3104,0
3105,0
3106,0
3107,0
3108,2
3109,0
3110,1
3111,0
3112,0
3113,0
3114,0
3115,0
3116,0
3117,0
3118,1
3119,1
3120,2
3121,0
3122,2
3123,0
3124,0
3125,1
3126,2
3127,2
3128,0
3129,0
3130,0
3131,0
3132,0
3133,0
3134,0
3135,0
3136,0
3137,0
3138,0
3139,0
3140,0
3141,0
3142,0
3143,0
3144,0
3145,1
3146,2
3147,0
3148,0
3149,0
3150,0
3151,5
3152,0
3153,1
3154,2
3155,0
3156,0
3157,0
3158,0
3159,0
3160,4
3161,0
3162,0
3163,0
3164,0
3165,0
3166,0
3167,2
3168,0
3169,0
3170,0
3171,0
3172,0
3173,3
3174,0
3175,0
3176,0
3177,0
3178,0
3179,0
3180,0
3181,0
3182,0
3183,1
3184,0
3185,2
3186,3
3187,1
3188,1
3189,1
3190,2
3191,2
3192,1
3193,2
3194,1
3195,1
3196,0
3197,1
3198,1
3199,0
3200,0
3201,1
3202,1
3203,2
3204,1
3205,0
3206,2
3207,2
3208,2
3209,2
3210,2
3211,0
3212,2
3213,2
3214,1
3215,2
3216,0
3217,1
3218,0
3219,1
3220,1
3221,2
3222,2
3223,0
3224,1
3225,0
3226,1
3227,1
3228,0
3229,2
3230,1
3231,1
3232,2
3233,2
3234,1
3235,1
3236,0
3237,1
3238,0
3239,0
3240,1
3241,1
3242,0
3243,2
3244,1
3245,1
3246,0
3247,1
3248,2
3249,1
3250,2
3251,0
3252,0
3253,0
3254,2
3255,0
3256,1
3257,1
3258,1
3259,1
3260,0
3261,1
3262,0
3263,1
3264,2
3265,0
3266,2
3267,0
3268,2
3269,2
3270,1
3271,0
3272,2
3273,0
3274,1
3275,2
3276,0
3277,1
3278,1
3279,1
3280,0
3281,0
3282,1
3283,1
3284,2
3285,0
3286,2
3287,1
3288,0
3289,0
3290,1
3291,1
3292,0
3293,2
3294,2
3295,2
3296,2
3297,2
3298,1
3299,2
3300,1
3301,0
3302,1
3303,1
3304,1
3305,2
3306,0
3307,0
3308,1
3309,1
3310,0
3311,2
3312,2
3313,1
3314,1
3315,2
3316,1
3317,1
3318,0
3319,2
3320,0
3321,0
3322,1
3323,2
3324,0
3325,0
3326,2
3327,2
3328,0
3329,1
3330,2
3331,1
3332,1
3333,1
3334,2
3335,1
3336,0
3337,0
3338,1
3339,2
3340,0
3341,1
3342,1
3343,1
3344,0
3345,2
3346,2
3347,2
3348,2
3349,1
3350,2
3351,1
3352,1
3353,1
3354,0
3355,2
3356,1
3357,2
3358,0
3359,1
3360,0
3361,2
3362,1
3363,0
3364,1
3365,2
3366,1
3367,0
3368,1
3369,1
3370,0
3371,0
3372,1
3373,4
3374,2
3375,1
3376,1
3377,1
3378,1
3379,4
3380,2
3381,1
3382,1
3383,1
3384,0
3385,1
3386,1
3387,0
3388,1
3389,2
3390,0
3391,2
3392,0
3393,1
3394,0
3395,1
3396,1
3397,1
3398,1
3399,0
3400,1
3401,2
3402,2
3403,2
3404,0
3405,1
3406,1
3407,2
3408,2
3409,1
3410,1
3411,3
3412,1
3413,1
3414,0
3415,2
3416,0
3417,0
3418,2
3419,1
3420,0
3421,2
3422,2
3423,1
3424,1
3425,2
3426,1
3427,0
3428,1
3429,2
3430,2
3431,2
3432,0
3433,1
3434,2
3435,1
3436,0
3437,0
3438,0
3439,1
3440,2
3441,0
3442,1
3443,2
3444,1
3445,0
3446,1
3447,1
3448,1
3449,1
3450,0
3451,1
3452,2
3453,1
3454,1
3455,2
3456,2
3457,0
3458,2
3459,1
3460,0
3461,1
3462,1
3463,0
3464,2
3465,0
3466,0
3467,0
3468,2
3469,1
3470,1
3471,1
3472,2
3473,1
3474,1
3475,3
3476,1
3477,1
3478,2
3479,1
3480,1
3481,1
3482,2
3483,1
3484,1
3485,1
3486,1
3487,1
3488,1
3489,1
3490,1
3491,0
3492,1
3493,1
3494,1
3495,1
3496,1
3497,2
3498,1
3499,1
3500,1
3501,1
3502,1
3503,1
3504,1
3505,1
3506,0
3507,1
3508,1
3509,1
3510,2
3511,2
3512,0
3513,1
3514,2
3515,0
3516,1
3517,1
3518,1
3519,0
3520,1
3521,1
3522,4
3523,1
3524,1
3525,1
3526,2
3527,1
3528,0
3529,2
3530,1
3531,0
3532,1
3533,1
3534,0
3535,0
3536,1
3537,1
3538,2
3539,1
3540,1
3541,1
3542,0
3543,0
3544,2
3545,1
3546,0
3547,1
3548,0
3549,1
3550,1
3551,1
3552,1
3553,0
3554,1
3555,0
3556,2
3557,1
3558,1
3559,1
3560,1
3561,1
3562,1
3563,1
3564,2
3565,1
3566,1
3567,1
3568,1
3569,1
3570,0
3571,1
3572,1
3573,1
3574,1
3575,1
3576,1
3577,0
3578,1
3579,1
3580,5
3581,1
3582,1
3583,0
3584,2
3585,1
3586,1
3587,1
3588,1
3589,5
3590,2
3591,1
3592,1
3593,1
3594,1
3595,1
3596,2
3597,1
3598,1
3599,1
3600,0
3601,0
3602,1
3603,0
3604,0
3605,1
3606,0
3607,1
3608,0
3609,1
3610,1
3611,2
3612,1
3613,3
3614,1
3615,1
3616,1
3617,1
3618,2
3619,1
3620,0
3621,0
3622,1
3623,1
3624,1
3625,1
3626,1
3627,1
3628,2
3629,1
3630,1
3631,0
3632,1
3633,1
3634,1
3635,1
3636,0
3637,0
3638,3
3639,1
3640,0
3641,1
3642,3
3643,1
3644,2
3645,0
3646,0
3647,1
3648,1
3649,0
3650,1
3651,2
3652,1
3653,1
3654,2
3655,1
3656,1
3657,0
3658,1
3659,1
3660,1
3661,1
3662,1
3663,1
3664,1
3665,1
3666,1
3667,1
3668,1
3669,1
3670,1
3671,1
3672,2
3673,1
3674,0
3675,2
3676,1
3677,2
3678,2
3679,1
3680,1
3681,1
3682,1
3683,1
3684,0
3685,1
3686,0
3687,1
3688,1
3689,0
3690,1
3691,1
3692,1
3693,2
3694,1
3695,0
3696,1
3697,1
3698,1
3699,3
3700,1
3701,1
3702,2
3703,1
3704,0
3705,2
3706,2
3707,1
3708,0
3709,1
3710,1
3711,1
3712,1
3713,0
3714,1
3715,2
3716,0
3717,1
3718,1
3719,1
3720,1
3721,1
3722,1
3723,1
3724,1
3725,1
3726,1
3727,1
3728,1
3729,2
3730,1
3731,1
3732,0
3733,1
3734,0
3735,1
3736,0
3737,1
3738,1
3739,1
3740,1
3741,1
3742,2
3743,1
3744,2
3745,0
3746,2
3747,1
3748,0
3749,0
3750,1
3751,0
3752,1
3753,1
3754,1
3755,1
3756,1
3757,1
3758,1
3759,1
3760,1
3761,1
3762,1
3763,0
3764,1
3765,1
3766,0
3767,2
3768,2
3769,1
3770,1
3771,1
3772,1
3773,1
3774,1
3775,1
3776,1
3777,1
3778,0
3779,1
3780,0
3781,0
3782,1
3783,0
3784,1
3785,3
3786,1
3787,1
3788,1
3789,2
3790,1
3791,1
3792,1
3793,2
3794,1
3795,1
3796,1
3797,2
3798,1
3799,1
3800,1
3801,0
3802,1
3803,1
3804,1
3805,1
3806,1
3807,1
3808,1
3809,2
3810,3
3811,2
3812,1
3813,1
3814,1
3815,1
3816,2
3817,0
3818,1
3819,1
3820,1
3821,3
3822,3
3823,1
3824,1
3825,1
3826,1
3827,1
3828,1
3829,1
3830,1
3831,1
3832,1
3833,1
3834,1
3835,1
3836,2
3837,3
3838,2
3839,1
3840,1
3841,1
3842,1
3843,2
3844,1
3845,1
3846,1
3847,1
3848,2
3849,1
3850,2
3851,2
3852,2
3853,1
3854,1
3855,2
3856,1
3857,2
3858,1
3859,1
3860,1
3861,2
3862,2
3863,1
3864,1
3865,1
3866,2
3867,1
3868,2
3869,1
3870,1
3871,2
3872,1
3873,1
3874,1
3875,1
3876,2
3877,2
3878,1
3879,2
3880,1
3881,1
3882,1
3883,1
3884,1
3885,2
3886,1
3887,1
3888,1
3889,2
3890,1
3891,1
3892,1
3893,1
3894,1
3895,2
3896,1
3897,1
3898,1
3899,2
3900,1
3901,1
3902,1
3903,1
3904,2
3905,1
3906,1
3907,2
3908,1
3909,1
3910,1
3911,1
3912,2
3913,1
3914,1
3915,1
3916,2
3917,2
3918,1
3919,1
3920,1
3921,1
3922,1
3923,1
3924,1
3925,1
3926,1
3927,2
3928,1
3929,1
3930,1
3931,1
3932,2
3933,1
3934,1
3935,1
3936,1
3937,1
3938,1
3939,1
3940,1
3941,1
3942,1
3943,2
3944,1
3945,3
3946,1
3947,2
3948,1
3949,1
3950,1
3951,1
3952,1
3953,2
3954,1
3955,1
3956,2
3957,1
3958,5
3959,2
3960,1
3961,1
3962,2
3963,1
3964,1
3965,1
3966,2
3967,1
3968,1
3969,2
3970,1
3971,1
3972,1
3973,1
3974,2
3975,2
3976,1
3977,2
3978,1
3979,1
3980,1
3981,1
3982,1
3983,1
3984,1
3985,2
3986,1
3987,1
3988,1
3989,2
3990,2
3991,2
3992,2
3993,1
3994,1
3995,1
3996,1
3997,2
3998,1
3999,1
4000,1
4001,1
4002,1
4003,2
4004,1
4005,1
4006,1
4007,1
4008,1
4009,1
4010,1
4011,2
4012,2
4013,1
4014,1
4015,1
4016,2
4017,2
4018,1
4019,1
4020,1
4021,1
4022,2
4023,2
4024,2
4025,1
4026,1
4027,1
4028,1
4029,2
4030,1
4031,1
4032,1
4033,1
4034,1
4035,1
4036,1
4037,1
4038,2
4039,1
4040,1
4041,1
4042,1
4043,1
4044,1
4045,1
4046,1
4047,2
4048,5
4049,1
4050,3
4051,4
4052,1
4053,2
4054,1
4055,1
4056,1
4057,1
4058,2
4059,2
4060,2
4061,1
4062,0
4063,1
4064,0
4065,0
4066,1
4067,2
4068,2
4069,0
4070,0
4071,0
4072,1
4073,2
4074,0
4075,0
4076,1
4077,2
4078,1
4079,0
4080,1
4081,2
4082,0
4083,2
4084,2
4085,1
4086,0
4087,2
4088,1
4089,0
4090,1
4091,4
4092,4
4093,1
4094,2
4095,2
4096,2
4097,0
4098,1
4099,1
4100,0
4101,1
4102,2
4103,2
4104,4
4105,2
4106,2
4107,0
4108,2
4109,0
4110,1
4111,1
4112,1
4113,1
4114,2
4115,1
4116,1
4117,1
4118,2
4119,2
4120,4
4121,0
4122,0
4123,0
4124,2
4125,1
4126,1
4127,2
4128,1
4129,2
4130,0
4131,2
4132,2
4133,0
4134,0
4135,1
4136,0
4137,2
4138,4
4139,1
4140,2
4141,0
4142,0
4143,0
4144,0
4145,0
4146,0
4147,0
4148,4
4149,0
4150,0
4151,0
4152,0
4153,0
4154,2
4155,1
4156,0
4157,2
4158,0
4159,0
4160,0
4161,0
4162,3
4163,0
4164,3
4165,1
4166,0
4167,1
4168,0
4169,2
4170,0
4171,0
4172,0
4173,0
4174,0
4175,0
4176,2
4177,0
4178,0
4179,1
4180,0
4181,0
4182,0
4183,0
4184,0
4185,2
4186,0
4187,0
4188,0
4189,0
4190,0
4191,1
4192,1
4193,0
4194,2
4195,0
4196,2
4197,0
4198,0
4199,0
4200,0
4201,0
4202,0
4203,0
4204,2
4205,1
4206,0
4207,0
4208,0
4209,2
4210,3
4211,0
4212,0
4213,0
4214,0
4215,2
4216,2
4217,1
4218,4
4219,0
4220,0
4221,0
4222,0
4223,0
4224,3
4225,0
4226,2
4227,2
4228,0
4229,1
4230,4
4231,1
4232,0
4233,1
4234,1
4235,1
4236,0
4237,0
4238,1
4239,0
4240,0
4241,1
4242,1
4243,1
4244,0
4245,1
4246,0
4247,0
4248,0
4249,0
4250,0
4251,0
4252,0
4253,0
4254,0
4255,1
4256,1
4257,0
4258,1
4259,1
4260,1
4261,0
4262,0
4263,0
4264,0
4265,0
4266,0
4267,1
4268,0
4269,0
4270,1
4271,1
4272,2
4273,0
4274,0
4275,0
4276,1
4277,0
4278,0
4279,1
4280,1
4281,0
4282,0
4283,0
4284,1
4285,0
4286,1
4287,1
4288,1
4289,0
4290,1
4291,0
4292,0
4293,0
4294,0
4295,0
4296,1
4297,0
4298,0
4299,1
4300,1
4301,0
4302,1
4303,0
4304,1
4305,1
4306,0
4307,0
4308,1
4309,3
4310,1
4311,1
4312,0
4313,1
4314,0
4315,1
4316,0
4317,1
4318,0
4319,1
4320,0
4321,1
4322,1
4323,0
4324,0
4325,0
4326,1
4327,1
4328,0
4329,0
4330,1
4331,3
4332,0
4333,0
4334,0
4335,0
4336,0
4337,3
4338,1
4339,0
4340,0
4341,0
4342,1
4343,0
4344,1
4345,1
4346,0
4347,0
4348,1
4349,3
4350,0
4351,0
4352,2
4353,0
4354,1
4355,1
4356,1
4357,3
4358,0
4359,1
4360,0
4361,0
4362,1
4363,0
4364,0
4365,0
4366,0
4367,0
4368,1
4369,0
4370,1
4371,1
4372,0
4373,0
4374,0
4375,3
4376,1
4377,1
4378,1
4379,1
4380,0
4381,1
4382,1
4383,0
4384,1
4385,1
4386,1
4387,0
4388,3
4389,1
4390,1
4391,1
4392,0
4393,0
4394,1
4395,1
4396,0
4397,0
4398,1
4399,1
4400,1
4401,1
4402,0
4403,1
4404,0
4405,0
4406,1
4407,1
4408,3
4409,1
4410,1
4411,1
4412,0
4413,0
4414,1
4415,0
4416,1
4417,0
4418,1
4419,0
4420,1
4421,0
4422,1
4423,0
4424,0
4425,0
4426,1
4427,0
4428,1
4429,1
4430,0
4431,0
4432,1
4433,0
4434,0
4435,0
4436,0
4437,1
4438,0
4439,0
4440,0
4441,0
4442,1
4443,0
4444,3
4445,2
4446,0
4447,1
4448,0
4449,1
4450,0
4451,2
4452,2
4453,0
4454,1
4455,0
4456,0
4457,0
4458,2
4459,0
4460,0
4461,0
4462,1
4463,2
4464,1
4465,0
4466,2
4467,2
4468,2
4469,2
4470,2
4471,2
4472,2
4473,0
4474,0
4475,0
4476,2
4477,2
4478,0
4479,0
4480,2
4481,1
4482,0
4483,2
4484,2
4485,2
4486,2
4487,1
4488,0
4489,1
4490,2
4491,2
4492,2
4493,2
4494,2
4495,2
4496,0
4497,0
4498,2
4499,2
4500,2
4501,2
4502,2
4503,1
4504,2
4505,0
4506,2
4507,1
4508,1
4509,2
4510,0
4511,2
4512,2
4513,0
4514,1
4515,0
4516,0
4517,2
4518,2
4519,0
4520,2
4521,2
4522,1
4523,0
4524,2
4525,1
4526,0
4527,0
4528,1
4529,0
4530,4
4531,1
4532,2
4533,0
4534,0
4535,2
4536,0
4537,2
4538,2
4539,2
4540,0
4541,2
4542,2
4543,1
4544,2
4545,2
4546,2
4547,2
4548,1
4549,2
4550,2
4551,2
4552,0
4553,2
4554,2
4555,2
4556,2
4557,0
4558,1
4559,0
4560,2
4561,2
4562,2
4563,1
4564,2
4565,2
4566,2
4567,2
4568,0
4569,0
4570,0
4571,2
4572,1
4573,0
4574,0
4575,1
4576,0
4577,1
4578,0
4579,2
4580,2
4581,0
4582,0
4583,2
4584,0
4585,2
4586,0
4587,2
4588,0
4589,0
4590,2
4591,2
4592,2
4593,0
4594,0
4595,1
4596,2
4597,0
4598,2
4599,2
4600,0
4601,2
4602,2
4603,2
4604,0
4605,0
4606,1
4607,1
4608,2
4609,2
4610,0
4611,0
4612,2
4613,2
4614,1
4615,2
4616,2
4617,2
4618,2
4619,0
4620,1
4621,0
4622,0
4623,2
4624,1
4625,2
4626,1
4627,2
4628,1
4629,0
4630,1
4631,2
4632,2
4633,2
4634,0
4635,2
4636,0
4637,2
4638,0
4639,2
4640,2
4641,0
4642,2
4643,2
4644,0
4645,1
4646,0
4647,0
4648,1
4649,0
4650,1
4651,0
4652,0
4653,4
4654,2
4655,1
4656,0
4657,1
4658,3
4659,1
4660,0
4661,0
4662,0
4663,1
4664,1
4665,2
4666,1
4667,1
4668,3
4669,1
4670,0
4671,0
4672,1
4673,1
4674,0
4675,0
4676,0
4677,0
4678,3
4679,2
4680,1
4681,1
4682,0
4683,0
4684,0
4685,1
4686,1
4687,1
4688,0
4689,0
4690,1
4691,0
4692,1
4693,0
4694,1
4695,1
4696,0
4697,0
4698,1
4699,1
4700,0
4701,1
4702,0
4703,0
4704,1
4705,0
4706,1
4707,2
4708,0
4709,0
4710,1
4711,0
4712,3
4713,0
4714,2
4715,1
4716,1
4717,0
4718,0
4719,0
4720,0
4721,1
4722,1
4723,0
4724,1
4725,1
4726,1
4727,0
4728,1
4729,1
4730,0
4731,1
4732,1
4733,0
4734,1
4735,1
4736,1
4737,0
4738,0
4739,0
4740,0
4741,0
4742,1
4743,1
4744,0
4745,1
4746,5
4747,0
4748,0
4749,0
4750,1
4751,0
4752,0
4753,1
4754,0
4755,1
4756,0
4757,1
4758,1
4759,0
4760,2
4761,1
4762,0
4763,0
4764,1
4765,1
4766,1
4767,0
4768,1
4769,1
4770,0
4771,0
4772,1
4773,0
4774,2
4775,1
4776,1
4777,0
4778,1
4779,1
4780,2
4781,0
4782,0
4783,0
4784,1
4785,0
4786,0
4787,1
4788,0
4789,0
4790,0
4791,1
4792,1
4793,1
4794,1
4795,0
4796,0
4797,0
4798,0
4799,1
4800,1
4801,0
4802,0
4803,0
4804,1
4805,1
4806,0
4807,1
4808,0
4809,3
4810,0
4811,1
4812,1
4813,0
4814,1
4815,1
4816,2
4817,1
4818,0
4819,0
4820,1
4821,0
4822,2
4823,0
4824,0
4825,2
4826,0
4827,1
4828,0
4829,0
4830,0
4831,0
4832,0
4833,1
4834,1
4835,0
4836,0
4837,1
4838,1
4839,0
4840,0
4841,1
4842,1
4843,1
4844,0
4845,1
4846,0
4847,0
4848,0
4849,0
4850,1
4851,0
4852,0
4853,0
4854,0
4855,0
4856,0
4857,0
4858,0
4859,0
4860,1
4861,0
4862,0
4863,0
4864,0
4865,0
4866,1
4867,0
4868,0
4869,0
4870,1
4871,0
4872,0
4873,0
4874,0
4875,0
4876,2
4877,0
4878,1
4879,0
4880,0
4881,0
4882,0
4883,0
4884,1
4885,0
4886,1
4887,0
4888,0
4889,0
4890,1
4891,1
4892,0
4893,0
4894,1
4895,0
4896,0
4897,0
4898,3
4899,0
4900,2
4901,0
4902,0
4903,0
4904,0
4905,1
4906,1
4907,1
4908,1
4909,1
4910,0
4911,1
4912,0
4913,0
4914,1
4915,0
4916,1
4917,1
4918,0
4919,1
4920,1
4921,0
4922,0
4923,0
4924,0
4925,0
4926,1
4927,0
4928,0
4929,1
4930,0
4931,0
4932,3
4933,1
4934,0
4935,0
4936,0
4937,0
4938,1
4939,0
4940,0
4941,1
4942,0
4943,0
4944,1
4945,1
4946,0
4947,1
4948,0
4949,0
4950,1
4951,0
4952,0
4953,1
4954,1
4955,0
4956,0
4957,0
4958,0
4959,0
4960,0
4961,1
4962,0
4963,0
4964,0
4965,1
4966,0
4967,0
4968,0
4969,0
4970,1
4971,0
4972,0
4973,0
4974,0
4975,0
4976,0
4977,0
4978,0
4979,0
4980,0
4981,0
4982,0
4983,1
4984,1
4985,0
4986,1
4987,1
4988,1
4989,0
4990,0
4991,0
4992,0
4993,0
4994,0
4995,1
4996,3
4997,1
4998,1
4999,0
5000,1
5001,3
5002,1
5003,0
5004,0
5005,0
5006,0
5007,0
5008,0
5009,0
5010,1
5011,1
5012,1
5013,0
5014,0
5015,1
5016,2
5017,0
5018,1
5019,0
5020,0
5021,1
5022,0
5023,0
5024,0
5025,1
5026,0
5027,2
5028,0
5029,0
5030,0
5031,1
5032,1
5033,0
5034,1
5035,1
5036,1
5037,4
5038,0
5039,1
5040,0
5041,0
5042,2
5043,3
5044,1
5045,2
5046,2
5047,2
5048,2
5049,2
5050,1
5051,2
5052,2
5053,2
5054,1
5055,2
5056,1
5057,2
5058,2
5059,2
5060,2
5061,1
5062,2
5063,2
5064,5
5065,2
5066,2
5067,2
5068,2
5069,3
5070,2
5071,2
5072,2
5073,1
5074,4
5075,1
5076,2
5077,2
5078,2
5079,2
5080,1
5081,2
5082,2
5083,2
5084,2
5085,2
5086,2
5087,2
5088,2
5089,2
5090,1
5091,1
5092,2
5093,2
5094,2
5095,2
5096,2
5097,2
5098,2
5099,2
5100,2
5101,2
5102,1
5103,2
5104,2
5105,2
5106,2
5107,2
5108,1
5109,2
5110,2
5111,2
5112,2
5113,2
5114,2
5115,2
5116,2
5117,1
5118,1
5119,2
5120,2
5121,2
5122,2
5123,2
5124,1
5125,2
5126,2
5127,2
5128,2
5129,2
5130,2
5131,2
5132,2
5133,1
5134,2
5135,2
5136,2
5137,2
5138,2
5139,2
5140,2
5141,1
5142,2
5143,2
5144,2
5145,2
5146,2
5147,2
5148,2
5149,1
5150,2
5151,1
5152,2
5153,2
5154,2
5155,1
5156,2
5157,1
5158,2
5159,2
5160,2
5161,2
5162,2
5163,2
5164,1
5165,5
5166,1
5167,2
5168,2
5169,2
5170,2
5171,2
5172,2
5173,2
5174,4
5175,2
5176,2
5177,2
5178,2
5179,0
5180,1
5181,0
5182,2
5183,2
5184,2
5185,2
5186,2
5187,2
5188,2
5189,2
5190,1
5191,1
5192,0
5193,1
5194,2
5195,2
5196,2
5197,2
5198,2
5199,2
5200,2
5201,2
5202,2
5203,2
5204,2
5205,2
5206,1
5207,2
5208,2
5209,3
5210,2
5211,2
5212,2
5213,2
5214,2
5215,0
5216,0
5217,1
5218,2
5219,1
5220,2
5221,1
5222,1
5223,2
5224,1
5225,1
5226,2
5227,1
5228,1
5229,4
5230,1
5231,1
5232,1
5233,1
5234,2
5235,1
5236,2
5237,1
5238,2
5239,1
5240,2
5241,1
5242,3
5243,2
5244,4
5245,1
5246,2
5247,2
5248,2
5249,1
5250,0
5251,0
5252,2
5253,2
5254,1
5255,1
5256,1
5257,1
5258,1
5259,0
5260,1
5261,0
5262,1
5263,1
5264,2
5265,0
5266,0
5267,2
5268,0
5269,0
5270,1
5271,1
5272,2
5273,0
5274,0
5275,1
5276,1
5277,0
5278,0
5279,1
5280,0
5281,1
5282,2
5283,0
5284,2
5285,1
5286,1
5287,1
5288,1
5289,2
5290,1
5291,3
5292,0
5293,0
5294,0
5295,0
5296,0
5297,2
5298,0
5299,1
5300,2
5301,1
5302,1
5303,0
5304,2
5305,1
5306,0
5307,0
5308,0
5309,0
5310,2
5311,1
5312,0
5313,0
5314,1
5315,1
5316,0
5317,1
5318,1
5319,1
5320,2
5321,1
5322,0
5323,2
5324,1
5325,1
5326,2
5327,0
5328,1
5329,0
5330,0
5331,2
5332,0
5333,0
5334,1
5335,2
5336,0
5337,1
5338,4
5339,0
5340,2
5341,1
5342,1
5343,1
5344,2
5345,1
5346,0
5347,3
5348,0
5349,0
5350,1
5351,1
5352,2
5353,1
5354,0
5355,0
5356,1
5357,1
5358,1
5359,2
5360,1
5361,0
5362,1
5363,0
5364,1
5365,1
5366,1
5367,5
5368,0
5369,1
5370,1
5371,1
5372,1
5373,0
5374,1
5375,0
5376,2
5377,0
5378,1
5379,0
5380,1
5381,2
5382,1
5383,2
5384,2
5385,1
5386,0
5387,0
5388,2
5389,5
5390,1
5391,0
5392,2
5393,1
5394,0
5395,0
5396,0
5397,1
5398,0
5399,2
5400,1
5401,0
5402,2
5403,0
5404,0
5405,0
5406,1
5407,0
5408,1
5409,0
5410,2
5411,1
5412,0
5413,1
5414,1
5415,1
5416,1
5417,1
5418,0
5419,2
5420,2
5421,1
5422,0
5423,0
5424,1
5425,2
5426,2
5427,2
5428,0
5429,1
5430,2
5431,1
5432,0
5433,0
5434,0
5435,1
5436,0
5437,0
5438,0
5439,1
5440,2
5441,2
5442,0
5443,1
5444,0
5445,2
5446,0
5447,1
5448,1
5449,1
5450,3
5451,1
5452,0
5453,0
5454,1
5455,1
5456,1
5457,2
5458,2
5459,0
5460,0
5461,0
5462,0
5463,0
5464,3
5465,1
5466,0
5467,0
5468,0
5469,1
5470,0
5471,1
5472,1
5473,0
5474,0
5475,0
5476,1
5477,0
5478,1
5479,1
5480,0
5481,0
5482,1
5483,1
5484,0
5485,0
5486,0
5487,1
5488,0
5489,2
5490,0
5491,0
5492,0
5493,0
5494,1
5495,0
5496,1
5497,1
5498,0
5499,0
5500,1
5501,2
5502,0
5503,1
5504,2
5505,2
5506,1
5507,0
5508,0
5509,2
5510,0
5511,1
5512,2
5513,2
5514,1
5515,1
5516,0
5517,0
5518,1
5519,2
5520,1
5521,2
5522,5
5523,2
5524,5
5525,0
5526,1
5527,2
5528,0
5529,1
5530,2
5531,2
5532,0
5533,0
5534,1
5535,2
5536,1
5537,0
5538,2
5539,0
5540,0
5541,0
5542,0
5543,2
5544,0
5545,0
5546,2
5547,0
5548,1
5549,1
5550,1
5551,2
5552,0
5553,2
5554,2
5555,1
5556,3
5557,0
5558,0
5559,0
5560,0
5561,0
5562,1
5563,0
5564,2
5565,1
5566,2
5567,0
5568,2
5569,0
5570,0
5571,2
5572,1
5573,2
5574,1
5575,1
5576,2
5577,2
5578,1
5579,2
5580,0
5581,0
5582,1
5583,1
5584,1
5585,0
5586,1
5587,2
5588,2
5589,0
5590,2
5591,1
5592,0
5593,1
5594,1
5595,0
5596,0
5597,0
5598,3
5599,0
5600,1
5601,0
5602,2
5603,2
5604,0
5605,2
5606,2
5607,1
5608,1
5609,1
5610,0
5611,2
5612,0
5613,2
5614,1
5615,2
5616,0
5617,0
5618,2
5619,1
5620,1
5621,0
5622,2
5623,0
5624,0
5625,0
5626,0
5627,0
5628,1
5629,0
5630,0
5631,0
5632,0
5633,0
5634,2
5635,0
5636,0
5637,0
5638,0
5639,1
5640,1
5641,1
5642,0
5643,0
5644,1
5645,1
5646,1
5647,0
5648,1
5649,1
5650,1
5651,1
5652,1
5653,1
5654,1
5655,1
5656,1
5657,0
5658,2
5659,2
5660,0
5661,2
5662,0
5663,1
5664,0
5665,0
5666,0
5667,1
5668,0
5669,1
5670,0
5671,0
5672,1
5673,1
5674,2
5675,2
5676,0
5677,2
5678,0
5679,5
5680,2
5681,1
5682,0
5683,1
5684,0
5685,0
5686,1
5687,0
5688,2
5689,1
5690,0
5691,0
5692,0
5693,2
5694,0
5695,1
5696,2
5697,2
5698,1
5699,0
5700,1
5701,0
5702,0
5703,0
5704,1
5705,0
5706,1
5707,2
5708,1
5709,0
5710,3
5711,1
5712,0
5713,2
5714,1
5715,4
5716,0
5717,0
5718,2
5719,2
5720,2
5721,2
5722,0
5723,0
5724,0
5725,1
5726,1
5727,0
5728,0
5729,1
5730,2
5731,0
5732,2
5733,1
5734,1
5735,1
5736,2
5737,2
5738,0
5739,1
5740,2
5741,1
5742,1
5743,1
5744,0
5745,0
5746,2
5747,0
5748,0
5749,0
5750,0
5751,0
5752,2
5753,0
5754,1
5755,3
5756,1
5757,1
5758,0
5759,0
5760,2
5761,0
5762,2
5763,1
5764,1
5765,2
5766,0
5767,2
5768,1
5769,2
5770,2
5771,1
5772,2
5773,2
5774,2
5775,1
5776,0
5777,0
5778,0
5779,1
5780,1
5781,0
5782,0
5783,1
5784,1
5785,1
5786,0
5787,0
5788,0
5789,1
5790,2
5791,0
5792,2
5793,2
5794,1
5795,0
5796,1
5797,0
5798,1
5799,2
5800,0
5801,1
5802,1
5803,0
5804,0
5805,2
5806,0
5807,1
5808,2
5809,0
5810,2
5811,0
5812,1
5813,1
5814,1
5815,2
5816,1
5817,0
5818,1
5819,0
5820,2
5821,1
5822,1
5823,2
5824,0
5825,2
5826,1
5827,2
5828,1
5829,2
5830,0
5831,2
5832,0
5833,0
5834,0
5835,1
5836,0
5837,5
5838,0
5839,4
5840,1
5841,2
5842,0
5843,2
5844,1
5845,0
5846,2
5847,0
5848,1
5849,2
5850,1
5851,1
5852,1
5853,0
5854,1
5855,1
5856,0
5857,1
5858,2
5859,0
5860,2
5861,2
5862,1
5863,1
5864,1
5865,0
5866,0
5867,1
5868,0
5869,0
5870,0
5871,1
5872,2
5873,1
5874,1
5875,1
5876,2
5877,0
5878,0
5879,0
5880,2
5881,2
5882,2
5883,0
5884,1
5885,0
5886,0
5887,1
5888,0
5889,1
5890,2
5891,2
5892,0
5893,2
5894,1
5895,0
5896,1
5897,1
5898,0
5899,0
5900,0
5901,2
5902,1
5903,0
5904,1
5905,2
5906,2
5907,0
5908,2
5909,0
5910,4
5911,0
5912,2
5913,0
5914,0
5915,1
5916,1
5917,0
5918,1
5919,0
5920,1
5921,0
5922,0
5923,0
5924,0
5925,1
5926,0
5927,0
5928,1
5929,1
5930,2
5931,0
5932,0
5933,0
5934,0
5935,0
5936,1
5937,2
5938,2
5939,0
5940,0
5941,0
5942,1
5943,0
5944,0
5945,1
5946,2
5947,1
5948,1
5949,0
5950,1
5951,1
5952,0
5953,2
5954,2
5955,2
5956,0
5957,1
5958,0
5959,2
5960,0
5961,0
5962,0
5963,2
5964,2
5965,2
5966,1
5967,1
5968,0
5969,1
5970,4
5971,0
5972,0
5973,2
5974,0
5975,0
5976,0
5977,1
5978,1
5979,0
5980,1
5981,0
5982,0
5983,1
5984,2
5985,1
5986,1
5987,2
5988,2
5989,2
5990,2
5991,0
5992,0
5993,2
5994,2
5995,2
5996,1
5997,0
5998,2
5999,0
6000,2
6001,1
6002,2
6003,0
6004,0
6005,0
6006,2
6007,1
6008,1
6009,1
6010,2
6011,1
6012,2
6013,1
6014,0
6015,0
6016,1
6017,2
6018,1
6019,1
6020,0
6021,1
6022,2
6023,0
6024,1
6025,0
6026,0
6027,0
6028,3
6029,0
6030,0
6031,1
6032,0
6033,1
6034,2
6035,0
6036,1
6037,0
6038,1
6039,1
6040,0
6041,0
6042,0
6043,2
6044,0
6045,3
6046,0
6047,1
6048,2
6049,0
6050,1
6051,1
6052,0
6053,0
6054,2
6055,2
6056,0
6057,1
6058,1
6059,0
6060,2
6061,1
6062,1
6063,1
6064,2
6065,0
6066,1
6067,0
6068,1
6069,0
6070,1
6071,1
6072,1
6073,2
6074,1
6075,0
6076,0
6077,0
6078,0
6079,2
6080,1
6081,2
6082,0
6083,2
6084,0
6085,0
6086,1
6087,1
6088,0
6089,1
6090,0
6091,2
6092,2
6093,0
6094,2
6095,1
6096,1
6097,0
6098,0
6099,1
6100,2
6101,2
6102,1
6103,0
6104,1
6105,2
6106,0
6107,2
6108,1
6109,2
6110,0
6111,1
6112,2
6113,0
6114,0
6115,1
6116,0
6117,1
6118,1
6119,1
6120,0
6121,0
6122,0
6123,0
6124,0
6125,4
6126,1
6127,0
6128,0
6129,1
6130,2
6131,0
6132,2
6133,0
6134,0
6135,0
6136,0
6137,0
6138,0
6139,2
6140,2
6141,0
6142,1
6143,0
6144,2
6145,2
6146,2
6147,0
6148,0
6149,2
6150,3
6151,1
6152,1
6153,1
6154,1
6155,1
6156,0
6157,0
6158,0
6159,2
6160,2
6161,0
6162,1
6163,0
6164,1
6165,2
6166,1
6167,0
6168,0
6169,2
6170,0
6171,0
6172,1
6173,0
6174,4
6175,1
6176,0
6177,2
6178,1
6179,1
6180,1
6181,0
6182,0
6183,1
6184,1
6185,2
6186,0
6187,1
6188,3
6189,1
6190,2
6191,1
6192,2
6193,2
6194,1
6195,2
6196,0
6197,1
6198,0
6199,0
6200,1
6201,2
6202,2
6203,0
6204,1
6205,1
6206,2
6207,0
6208,0
6209,1
6210,0
6211,0
6212,0
6213,2
6214,0
6215,0
6216,1
6217,1
6218,0
6219,1
6220,2
6221,2
6222,2
6223,0
6224,2
6225,5
6226,1
6227,0
6228,0
6229,1
6230,1
6231,1
6232,0
6233,2
6234,0
6235,2
6236,0
6237,0
6238,0
6239,0
6240,0
6241,0
6242,1
6243,0
6244,0
6245,0
6246,0
6247,2
6248,0
6249,1
6250,1
6251,1
6252,1
6253,1
6254,0
6255,0
6256,1
6257,5
6258,1
6259,1
6260,3
6261,0
6262,0
6263,0
6264,2
6265,1
6266,2
6267,0
6268,1
6269,0
6270,0
6271,1
6272,0
6273,5
6274,2
6275,2
6276,0
6277,0
6278,0
6279,0
6280,0
6281,0
6282,0
6283,0
6284,3
6285,0
6286,1
6287,1
6288,2
6289,2
6290,0
6291,1
6292,0
6293,1
6294,0
6295,1
6296,0
6297,0
6298,2
6299,1
6300,1
6301,0
6302,0
6303,0
6304,0
6305,1
6306,2
6307,1
6308,1
6309,1
6310,0
6311,1
6312,2
6313,2
6314,4
6315,2
6316,2
6317,1
6318,1
6319,1
6320,2
6321,2
6322,2
6323,1
6324,0
6325,0
6326,2
6327,0
6328,1
6329,1
6330,1
6331,1
6332,1
6333,0
6334,2
6335,0
6336,0
6337,2
6338,1
6339,1
6340,2
6341,0
6342,1
6343,2
6344,1
6345,1
6346,0
6347,2
6348,1
6349,0
6350,0
6351,1
6352,2
6353,0
6354,1
6355,0
6356,1
6357,0
6358,1
6359,1
6360,1
6361,0
6362,0
6363,1
6364,0
6365,1
6366,0
6367,2
6368,0
6369,1
6370,1
6371,2
6372,1
6373,2
6374,0
6375,3
6376,2
6377,2
6378,1
6379,2
6380,0
6381,0
6382,2
6383,1
6384,0
6385,0
6386,0
6387,0
6388,1
6389,1
6390,1
6391,1
6392,0
6393,0
6394,1
6395,1
6396,1
6397,1
6398,0
6399,2
6400,0
6401,0
6402,1
6403,0
6404,0
6405,1
6406,0
6407,1
6408,0
6409,0
6410,2
6411,1
6412,0
6413,0
6414,2
6415,0
6416,2
6417,0
6418,0
6419,0
6420,2
6421,2
6422,0
6423,0
6424,1
6425,4
6426,1
6427,0
6428,0
6429,0
6430,2
6431,1
6432,1
6433,1
6434,3
6435,2
6436,1
6437,2
6438,2
6439,2
6440,0
6441,0
6442,1
6443,0
6444,4
6445,3
6446,1
6447,1
6448,0
6449,3
6450,1
6451,1
6452,0
6453,0
6454,2
6455,1
6456,1
6457,0
6458,1
6459,1
6460,4
6461,2
6462,0
6463,0
6464,2
6465,0
6466,1
6467,2
6468,1
6469,2
6470,0
6471,1
6472,1
6473,0
6474,1
6475,0
6476,0
6477,0
6478,2
6479,2
6480,0
6481,1
6482,1
6483,1
6484,2
6485,3
6486,0
6487,2
6488,0
6489,0
6490,1
6491,0
6492,0
6493,0
6494,2
6495,1
6496,4
6497,0
6498,0
6499,1
6500,0
6501,2
6502,0
6503,0
6504,2
6505,0
6506,0
6507,2
6508,1
6509,0
6510,1
6511,3
6512,1
6513,2
6514,0
6515,0
6516,0
6517,1
6518,0
6519,1
6520,3
6521,1
6522,1
6523,1
6524,2
6525,0
6526,1
6527,1
6528,0
6529,0
6530,0
6531,1
6532,1
6533,2
6534,2
6535,2
6536,1
6537,1
6538,0
6539,0
6540,2
6541,0
6542,1
6543,1
6544,0
6545,0
6546,0
6547,0
6548,0
6549,0
6550,0
6551,1
6552,2
6553,0
6554,0
6555,0
6556,1
6557,1
6558,1
6559,0
6560,0
6561,0
6562,1
6563,1
6564,1
6565,1
6566,2
6567,0
6568,2
6569,0
6570,1
6571,0
6572,2
6573,2
6574,0
6575,0
6576,0
6577,0
6578,1
6579,0
6580,2
6581,2
6582,0
6583,2
6584,0
6585,1
6586,1
6587,1
6588,1
6589,0
6590,2
6591,1
6592,0
6593,0
6594,2
6595,1
6596,1
6597,1
6598,0
6599,2
6600,0
6601,1
6602,0
6603,2
6604,1
6605,2
6606,0
6607,0
6608,1
6609,3
6610,3
6611,2
6612,0
6613,2
6614,0
6615,0
6616,1
6617,1
6618,0
6619,4
6620,0
6621,2
6622,2
6623,2
6624,0
6625,2
6626,2
6627,0
6628,1
6629,0
6630,1
6631,0
6632,0
6633,0
6634,1
6635,2
6636,1
6637,1
6638,1
6639,3
6640,2
6641,2
6642,0
6643,1
6644,0
6645,1
6646,0
6647,2
6648,5
6649,0
6650,1
6651,0
6652,1
6653,0
6654,2
6655,1
6656,0
6657,1
6658,2
6659,1
6660,0
6661,1
6662,1
6663,2
6664,0
6665,2
6666,0
6667,2
6668,0
6669,2
6670,0
6671,1
6672,2
6673,1
6674,1
6675,0
6676,0
6677,0
6678,0
6679,2
6680,2
6681,1
6682,1
6683,0
6684,2
6685,1
6686,2
6687,0
6688,1
6689,2
6690,0
6691,1
6692,1
6693,0
6694,1
6695,2
6696,3
6697,1
6698,0
6699,1
6700,2
6701,1
6702,3
6703,0
6704,0
6705,0
6706,2
6707,0
6708,0
6709,0
6710,1
6711,1
6712,0
6713,2
6714,0
6715,2
6716,1
6717,2
6718,1
6719,0
6720,2
6721,2
6722,1
6723,0
6724,1
6725,1
6726,0
6727,1
6728,0
6729,0
6730,1
6731,0
6732,1
6733,1
6734,0
6735,0
6736,2
6737,0
6738,0
6739,1
6740,2
6741,1
6742,2
6743,2
6744,0
6745,2
6746,2
6747,0
6748,1
6749,5
6750,1
6751,0
6752,0
6753,2
6754,2
6755,3
6756,1
6757,0
6758,1
6759,0
6760,2
6761,2
6762,2
6763,0
6764,2
6765,2
6766,1
6767,1
6768,0
6769,0
6770,0
6771,1
6772,1
6773,1
6774,4
6775,0
6776,2
6777,0
6778,2
6779,2
6780,0
6781,0
6782,0
6783,0
6784,2
6785,1
6786,0
6787,1
6788,0
6789,1
6790,2
6791,2
6792,2
6793,0
6794,1
6795,1
6796,0
6797,2
6798,0
6799,0
6800,2
6801,0
6802,2
6803,1
6804,2
6805,2
6806,1
6807,2
6808,0
6809,0
6810,1
6811,1
6812,2
6813,0
6814,1
6815,0
6816,2
6817,0
6818,2
6819,1
6820,2
6821,1
6822,0
6823,1
6824,0
6825,2
6826,0
6827,0
6828,0
6829,1
6830,1
6831,2
6832,1
6833,1
6834,1
6835,0
6836,0
6837,1
6838,4
6839,2
6840,3
6841,1
6842,1
6843,1
6844,0
6845,2
6846,0
6847,2
6848,1
6849,1
6850,0
6851,1
6852,1
6853,2
6854,0
6855,0
6856,1
6857,1
6858,2
6859,0
6860,2
6861,1
6862,1
6863,2
6864,0
6865,0
6866,2
6867,0
6868,0
6869,0
6870,0
6871,2
6872,0
6873,1
6874,1
6875,0
6876,2
6877,0
6878,1
6879,1
6880,2
6881,1
6882,1
6883,0
6884,0
6885,1
6886,2
6887,4
6888,2
6889,0
6890,2
6891,0
6892,3
6893,2
6894,0
6895,1
6896,0
6897,2
6898,0
6899,1
6900,0
6901,1
6902,0
6903,0
6904,4
6905,0
6906,0
6907,0
6908,2
6909,1
6910,0
6911,0
6912,1
6913,2
6914,0
6915,2
6916,1
6917,0
6918,0
6919,1
6920,2
6921,1
6922,2
6923,2
6924,2
6925,5
6926,0
6927,2
6928,1
6929,1
6930,1
6931,3
6932,1
6933,1
6934,1
6935,0
6936,1
6937,0
6938,0
6939,0
6940,2
6941,0
6942,2
6943,1
6944,0
6945,1
6946,0
6947,2
6948,2
6949,1
6950,1
6951,0
6952,0
6953,1
6954,1
6955,2
6956,2
6957,1
6958,1
6959,0
6960,1
6961,0
6962,1
6963,2
6964,0
6965,0
6966,3
6967,2
6968,2
6969,0
6970,2
6971,0
6972,0
6973,0
6974,1
6975,2
6976,1
6977,2
6978,0
6979,1
6980,1
6981,0
6982,2
6983,2
6984,0
6985,0
6986,2
6987,0
6988,2
6989,0
6990,1
6991,1
6992,0
6993,1
6994,1
6995,2
6996,0
6997,0
6998,0
6999,1
7000,1
7001,2
7002,0
7003,2
7004,1
7005,1
7006,1
7007,1
7008,0
7009,0
7010,1
7011,1
7012,0
7013,1
7014,2
7015,0
7016,0
7017,0
7018,2
7019,0
7020,1
7021,1
7022,0
7023,2
7024,0
7025,2
7026,0
7027,1
7028,2
7029,0
7030,0
7031,0
7032,1
7033,1
7034,2
7035,1
7036,1
7037,2
7038,2
7039,2
7040,0
7041,0
7042,4
7043,2
7044,0
7045,2
7046,0
7047,2
7048,0
7049,1
7050,1
7051,0
7052,1
7053,0
7054,1
7055,1
7056,2
7057,0
7058,1
7059,2
7060,5
7061,1
7062,0
7063,0
7064,2
7065,2
7066,0
7067,0
7068,1
7069,1
7070,1
7071,1
7072,0
7073,2
7074,1
7075,2
7076,0
7077,0
7078,2
7079,0
7080,0
7081,0
7082,1
7083,2
7084,0
7085,1
7086,2
7087,0
7088,4
7089,0
7090,0
7091,0
7092,3
7093,2
7094,1
7095,1
7096,4
7097,2
7098,0
7099,0
7100,2
7101,0
7102,1
7103,1
7104,0
7105,0
7106,2
7107,2
7108,1
7109,0
7110,4
7111,2
7112,0
7113,1
7114,5
7115,1
7116,0
7117,2
7118,0
7119,0
7120,2
7121,4
7122,1
7123,0
7124,1
7125,1
7126,2
7127,2
7128,0
7129,2
7130,1
7131,0
7132,0
7133,0
7134,0
7135,1
7136,0
7137,2
7138,0
7139,0
7140,1
7141,1
7142,0
7143,2
7144,2
7145,1
7146,0
7147,0
7148,1
7149,1
7150,0
7151,1
7152,1
7153,1
7154,1
7155,1
7156,4
7157,1
7158,0
7159,1
7160,0
7161,1
7162,2
7163,1
7164,0
7165,0
7166,1
7167,1
7168,2
7169,1
7170,0
7171,0
7172,0
7173,0
7174,1
7175,1
7176,2
7177,0
7178,1
7179,2
7180,2
7181,0
7182,1
7183,1
7184,4
7185,1
7186,1
7187,2
7188,3
7189,0
7190,2
7191,0
7192,2
7193,0
7194,0
7195,1
7196,0
7197,2
7198,1
7199,1
7200,0
7201,1
7202,0
7203,0
7204,0
7205,1
7206,2
7207,0
7208,0
7209,0
7210,1
7211,2
7212,2
7213,1
7214,0
7215,0
7216,0
7217,0
7218,1
7219,2
7220,2
7221,1
7222,2
7223,2
7224,3
7225,1
7226,1
7227,0
7228,1
7229,0
7230,1
7231,0
7232,1
7233,2
7234,0
7235,1
7236,1
7237,2
7238,0
7239,2
7240,3
7241,0
7242,2
7243,1
7244,0
7245,1
7246,2
7247,0
7248,2
7249,0
7250,1
7251,2
7252,2
7253,1
7254,0
7255,1
7256,0
7257,0
7258,0
7259,2
7260,0
7261,1
7262,1
7263,2
7264,2
7265,1
7266,2
7267,2
7268,0
7269,0
7270,2
7271,0
7272,0
7273,1
7274,0
7275,0
7276,0
7277,0
7278,2
7279,1
7280,2
7281,1
7282,1
7283,0
7284,1
7285,0
7286,1
7287,0
7288,0
7289,0
7290,2
7291,3
7292,1
7293,1
7294,0
7295,0
7296,0
7297,1
7298,0
7299,1
7300,0
7301,2
7302,0
7303,2
7304,1
7305,1
7306,0
7307,2
7308,2
7309,2
7310,0
7311,0
7312,0
7313,1
7314,1
7315,0
7316,0
7317,1
7318,0
7319,0
7320,1
7321,1
7322,2
7323,1
7324,4
7325,1
7326,2
7327,1
7328,0
7329,2
7330,0
7331,0
7332,1
7333,0
7334,0
7335,1
7336,1
7337,1
7338,0
7339,2
7340,1
7341,2
7342,2
7343,1
7344,2
7345,0
7346,2
7347,1
7348,1
7349,1
7350,1
7351,0
7352,2
7353,1
7354,1
7355,2
7356,1
7357,2
7358,1
7359,1
7360,0
7361,1
7362,0
7363,0
7364,2
7365,1
7366,1
7367,0
7368,2
7369,2
7370,0
7371,0
7372,1
7373,0
7374,1
7375,1
7376,0
7377,1
7378,0
7379,0
7380,1
7381,1
7382,0
7383,2
7384,0
7385,0
7386,0
7387,2
7388,2
7389,3
7390,0
7391,1
7392,1
7393,1
7394,2
7395,0
7396,2
7397,1
7398,2
7399,1
7400,2
7401,2
7402,0
7403,1
7404,1
7405,0
7406,0
7407,0
7408,0
7409,0
7410,1
7411,0
7412,0
7413,0
7414,0
7415,0
7416,2
7417,1
7418,1
7419,0
7420,5
7421,0
7422,2
7423,0
7424,0
7425,0
7426,1
7427,1
7428,0
7429,1
7430,1
7431,0
7432,0
7433,0
7434,0
7435,0
7436,0
7437,0
7438,1
7439,2
7440,1
7441,2
7442,2
7443,1
7444,1
7445,1
7446,0
7447,1
7448,2
7449,2
7450,2
7451,0
7452,0
7453,0
7454,1
7455,0
7456,1
7457,1
7458,0
7459,2
7460,0
7461,2
7462,0
7463,1
7464,0
7465,0
7466,0
7467,1
7468,0
7469,4
7470,1
7471,0
7472,1
7473,1
7474,0
7475,0
7476,1
7477,1
7478,2
7479,2
7480,0
7481,2
7482,1
7483,2
7484,0
7485,2
7486,5
7487,0
7488,2
7489,0
7490,0
7491,0
7492,0
7493,0
7494,2
7495,2
7496,1
7497,2
7498,1
7499,0
7500,2
7501,1
7502,1
7503,1
7504,0
7505,1
7506,1
7507,1
7508,0
7509,1
7510,1
7511,1
7512,2
7513,0
7514,1
7515,1
7516,2
7517,0
7518,2
7519,4
7520,2
7521,0
7522,1
7523,0
7524,2
7525,0
7526,1
7527,2
7528,1
7529,0
7530,1
7531,0
7532,1
7533,1
7534,2
7535,1
7536,0
7537,2
7538,2
7539,1
7540,1
7541,0
7542,1
7543,0
7544,0
7545,1
7546,2
7547,2
7548,0
7549,2
7550,1
7551,0
7552,2
7553,2
7554,0
7555,1
7556,0
7557,1
7558,0
7559,3
7560,1
7561,2
7562,0
7563,0
7564,0
7565,1
7566,2
7567,0
7568,1
7569,0
7570,2
7571,2
7572,2
7573,0
7574,0
7575,1
7576,1
7577,2
7578,0
7579,1
7580,1
7581,2
7582,1
7583,1
7584,0
7585,2
7586,0
7587,0
7588,1
7589,0
7590,2
7591,2
7592,1
7593,1
7594,0
7595,3
7596,2
7597,2
7598,0
7599,1
7600,0
7601,1
7602,1
7603,0
7604,1
7605,1
7606,1
7607,2
7608,0
7609,1
7610,2
7611,1
7612,1
7613,0
7614,1
7615,2
7616,2
7617,2
7618,0
7619,1
7620,0
7621,2
7622,1
7623,0
7624,2
7625,1
7626,1
7627,2
7628,0
7629,0
7630,0
7631,1
7632,0
7633,0
7634,2
7635,1
7636,2
7637,0
7638,1
7639,0
7640,0
7641,2
7642,1
7643,0
7644,0
7645,0
7646,0
7647,0
7648,0
7649,0
7650,2
7651,0
7652,1
7653,2
7654,1
7655,2
7656,0
7657,0
7658,1
7659,0
7660,0
7661,3
7662,1
7663,0
7664,0
7665,0
7666,1
7667,0
7668,1
7669,0
7670,1
7671,1
7672,1
7673,0
7674,1
7675,2
7676,1
7677,1
7678,0
7679,1
7680,1
7681,2
7682,0
7683,0
7684,1
7685,1
7686,0
7687,2
7688,1
7689,1
7690,0
7691,1
7692,0
7693,3
7694,2
7695,1
7696,1
7697,1
7698,0
7699,0
7700,1
7701,2
7702,0
7703,0
7704,1
7705,0
7706,2
7707,1
7708,2
7709,3
7710,0
7711,1
7712,0
7713,1
7714,0
7715,0
7716,0
7717,1
7718,2
7719,0
7720,0
7721,1
7722,0
7723,2
7724,2
7725,2
7726,1
7727,0
7728,0
7729,2
7730,1
7731,0
7732,1
7733,0
7734,1
7735,1
7736,2
7737,1
7738,0
7739,2
7740,1
7741,1
7742,1
7743,1
7744,0
7745,2
7746,0
7747,0
7748,0
7749,2
7750,0
7751,1
7752,0
7753,0
7754,2
7755,1
7756,3
7757,0
7758,0
7759,2
7760,2
7761,1
7762,0
7763,1
7764,2
7765,0
7766,1
7767,2
7768,0
7769,0
7770,1
7771,2
7772,0
7773,0
7774,0
7775,0
7776,1
7777,0
7778,1
7779,2
7780,0
7781,0
7782,1
7783,1
7784,1
7785,0
7786,0
7787,1
7788,2
7789,0
7790,1
7791,2
7792,0
7793,1
7794,0
7795,5
7796,0
7797,2
7798,0
7799,2
7800,0
7801,0
7802,2
7803,0
7804,0
7805,1
7806,1
7807,0
7808,1
7809,2
7810,0
7811,3
7812,2
7813,1
7814,0
7815,1
7816,5
7817,1
7818,2
7819,0
7820,1
7821,0
7822,0
7823,2
7824,2
7825,2
7826,4
7827,4
7828,1
7829,1
7830,2
7831,2
7832,0
7833,0
7834,1
7835,0
7836,0
7837,1
7838,0
7839,0
7840,1
7841,0
7842,4
7843,0
7844,1
7845,0
7846,1
7847,0
7848,1
7849,0
7850,0
7851,2
7852,2
7853,0
7854,1
7855,2
7856,1
7857,0
7858,0
7859,0
7860,2
7861,1
7862,2
7863,2
7864,0
7865,0
7866,2
7867,1
7868,0
7869,2
7870,0
7871,0
7872,2
7873,1
7874,0
7875,0
7876,1
7877,1
7878,2
7879,1
7880,1
7881,2
7882,1
7883,2
7884,1
7885,2
7886,1
7887,2
7888,2
7889,0
7890,1
7891,2
7892,1
7893,1
7894,3
7895,1
7896,1
7897,2
7898,0
7899,2
7900,0
7901,0
7902,0
7903,0
7904,1
7905,1
7906,4
7907,0
7908,2
7909,1
7910,2
7911,0
7912,1
7913,2
7914,1
7915,1
7916,0
7917,1
7918,0
7919,0
7920,0
7921,2
7922,1
7923,0
7924,1
7925,0
7926,2
7927,0
7928,1
7929,0
7930,0
7931,1
7932,3
7933,1
7934,0
7935,1
7936,0
7937,0
7938,0
7939,1
7940,1
7941,1
7942,0
7943,0
7944,0
7945,1
7946,0
7947,0
7948,1
7949,1
7950,1
7951,1
7952,2
7953,1
7954,1
7955,0
7956,3
7957,1
7958,1
7959,1
7960,0
7961,1
7962,1
7963,0
7964,0
7965,0
7966,1
7967,0
7968,0
7969,1
7970,1
7971,1
7972,1
7973,1
7974,1
7975,0
7976,0
7977,2
7978,4
7979,2
7980,0
7981,1
7982,2
7983,1
7984,2
7985,2
7986,0
7987,0
7988,0
7989,2
7990,0
7991,1
7992,0
7993,1
7994,2
7995,1
7996,1
7997,1
7998,0
7999,2
8000,1
8001,0
8002,1
8003,0
8004,1
8005,2
8006,2
8007,2
8008,1
8009,3
8010,0
8011,0
8012,0
8013,2
8014,0
8015,1
8016,2
8017,1
8018,2
8019,2
8020,1
8021,1
8022,1
8023,0
8024,1
8025,0
8026,2
8027,1
8028,2
8029,1
8030,1
8031,1
8032,0
8033,2
8034,2
8035,2
8036,0
8037,0
8038,1
8039,1
8040,0
8041,2
8042,0
8043,1
8044,1
8045,1
8046,1
8047,1
8048,0
8049,0
8050,1
8051,2
8052,0
8053,2
8054,0
8055,1
8056,1
8057,0
8058,3
8059,0
8060,0
8061,1
8062,1
8063,0
8064,0
8065,0
8066,0
8067,2
8068,2
8069,2
8070,1
8071,2
8072,2
8073,0
8074,3
8075,2
8076,5
8077,0
8078,0
8079,0
8080,0
8081,0
8082,0
8083,1
8084,0
8085,0
8086,0
8087,1
8088,1
8089,1
8090,2
8091,0
8092,2
8093,0
8094,1
8095,1
8096,4
8097,2
8098,0
8099,0
8100,1
8101,1
8102,1
8103,2
8104,0
8105,0
8106,0
8107,1
8108,1
8109,0
8110,2
8111,1
8112,0
8113,2
8114,2
8115,0
8116,0
8117,1
8118,1
8119,2
8120,1
8121,1
8122,1
8123,1
8124,1
8125,0
8126,0
8127,1
8128,0
8129,0
8130,2
8131,2
8132,5
8133,0
8134,0
8135,1
8136,0
8137,0
8138,0
8139,0
8140,1
8141,1
8142,0
8143,5
8144,0
8145,0
8146,1
8147,0
8148,2
8149,2
8150,0
8151,0
8152,2
8153,2
8154,1
8155,2
8156,0
8157,2
8158,1
8159,0
8160,1
8161,2
8162,1
8163,2
8164,1
8165,1
8166,0
8167,2
8168,0
8169,0
8170,0
8171,0
8172,1
8173,2
8174,1
8175,3
8176,1
8177,0
8178,0
8179,3
8180,0
8181,0
8182,0
8183,2
8184,0
8185,1
8186,0
8187,1
8188,0
8189,2
8190,2
8191,0
8192,0
8193,1
8194,0
8195,0
8196,0
8197,0
8198,0
8199,1
8200,0
8201,2
8202,1
8203,0
8204,1
8205,2
8206,2
8207,0
8208,0
8209,2
8210,4
8211,3
8212,2
8213,2
8214,2
8215,2
8216,2
8217,0
8218,0
8219,2
8220,0
8221,0
8222,1
8223,2
8224,1
8225,2
8226,1
8227,0
8228,2
8229,1
8230,0
8231,1
8232,0
8233,0
8234,1
8235,1
8236,1
8237,0
8238,2
8239,0
8240,1
8241,1
8242,2
8243,1
8244,0
8245,2
8246,2
8247,0
8248,1
8249,1
8250,2
8251,2
8252,1
8253,0
8254,0
8255,2
8256,0
8257,0
8258,2
8259,1
8260,1
8261,2
8262,2
8263,0
8264,0
8265,1
8266,0
8267,0
8268,0
8269,0
8270,0
8271,0
8272,2
8273,0
8274,0
8275,0
8276,2
8277,2
8278,1
8279,1
8280,2
8281,2
8282,1
8283,1
8284,1
8285,0
8286,0
8287,0
8288,1
8289,1
8290,0
8291,0
8292,0
8293,0
8294,0
8295,0
8296,2
8297,0
8298,1
8299,5
8300,2
8301,2
8302,1
8303,5
8304,1
8305,1
8306,2
8307,0
8308,0
8309,1
8310,1
8311,0
8312,0
8313,2
8314,1
8315,1
8316,2
8317,0
8318,1
8319,0
8320,2
8321,0
8322,1
8323,2
8324,2
8325,2
8326,1
8327,0
8328,1
8329,3
8330,1
8331,2
8332,2
8333,0
8334,1
8335,0
8336,0
8337,2
8338,4
8339,1
8340,0
8341,0
8342,1
8343,2
8344,1
8345,0
8346,0
8347,1
8348,2
8349,2
8350,1
8351,1
8352,0
8353,1
8354,1
8355,0
8356,0
8357,1
8358,0
8359,0
8360,1
8361,2
8362,1
8363,2
8364,1
8365,2
8366,0
8367,1
8368,1
8369,0
8370,0
8371,1
8372,0
8373,2
8374,0
8375,2
8376,0
8377,1
8378,0
8379,0
8380,1
8381,0
8382,0
8383,0
