cell_type,method,gene,ontology,annotated
astrocytes,attention_zero_shot,NR4A3,BP,True
astrocytes,attention_zero_shot,PLA2G4A,BP,True
astrocytes,attention_zero_shot,CR1,BP,True
astrocytes,attention_zero_shot,CEBPD,BP,True
astrocytes,attention_zero_shot,ITGA4,BP,True
astrocytes,attention_zero_shot,MX2,BP,True
astrocytes,attention_zero_shot,GFRA1,BP,True
astrocytes,attention_zero_shot,ANKRD22,BP,False
astrocytes,attention_zero_shot,CD69,BP,True
astrocytes,attention_zero_shot,ST8SIA4,BP,True
astrocytes,attention_zero_shot,CD163,BP,True
astrocytes,attention_zero_shot,MS4A4E,BP,False
astrocytes,attention_zero_shot,OLR1,BP,True
astrocytes,attention_zero_shot,ID2,BP,True
astrocytes,attention_zero_shot,CSF3R,BP,True
astrocytes,attention_zero_shot,TUBB2B,BP,True
astrocytes,attention_zero_shot,CD86,BP,True
astrocytes,attention_zero_shot,ADM,BP,True
astrocytes,attention_zero_shot,ANGPTL4,BP,True
astrocytes,attention_zero_shot,HES1,BP,True
astrocytes,attention_zero_shot,ID3,BP,True
astrocytes,attention_zero_shot,IFI44L,BP,True
astrocytes,attention_zero_shot,F13A1,BP,True
astrocytes,attention_zero_shot,CMKLR1,BP,True
astrocytes,attention_zero_shot,HSP90AA1,BP,True
astrocytes,attention_zero_shot,EPSTI1,BP,False
astrocytes,attention_zero_shot,KYNU,BP,True
astrocytes,attention_zero_shot,MT1M,BP,True
astrocytes,attention_zero_shot,CPA6,BP,True
astrocytes,attention_zero_shot,ABCA9,BP,True
astrocytes,ig_lora,AHCYL1,BP,True
astrocytes,ig_lora,CCL4,BP,True
astrocytes,ig_lora,ETNPPL,BP,True
astrocytes,ig_lora,CCL3,BP,True
astrocytes,ig_lora,CD163,BP,True
astrocytes,ig_lora,HES1,BP,True
astrocytes,ig_lora,FCGR2A,BP,True
astrocytes,ig_lora,ATP10A,BP,True
astrocytes,ig_lora,ADM,BP,True
astrocytes,ig_lora,SLC2A3,BP,True
astrocytes,ig_lora,OPALIN,BP,True
astrocytes,ig_lora,ID2,BP,True
astrocytes,ig_lora,HBB,BP,True
astrocytes,ig_lora,MS4A4A,BP,False
astrocytes,ig_lora,ATP6V0D2,BP,True
astrocytes,ig_lora,GLDN,BP,True
astrocytes,ig_lora,ADGRG6,BP,True
astrocytes,ig_lora,ID3,BP,True
astrocytes,ig_lora,SPP1,BP,True
astrocytes,ig_lora,SPOCD1,BP,True
astrocytes,ig_lora,RGS1,BP,True
astrocytes,ig_lora,TRDN,BP,True
astrocytes,ig_lora,ANGPTL4,BP,True
astrocytes,ig_lora,PPP1R3C,BP,True
astrocytes,ig_lora,NR4A3,BP,True
astrocytes,ig_lora,CEBPD,BP,True
astrocytes,ig_lora,DUSP1,BP,True
astrocytes,ig_lora,CHI3L1,BP,True
astrocytes,ig_lora,GADD45G,BP,True
astrocytes,ig_lora,F13A1,BP,True
da_neurons,attention_zero_shot,CYP4F12,BP,True
da_neurons,attention_zero_shot,CCL4,BP,True
da_neurons,attention_zero_shot,IL1B,BP,True
da_neurons,attention_zero_shot,GPR183,BP,True
da_neurons,attention_zero_shot,P2RY12,BP,True
da_neurons,attention_zero_shot,CH25H,BP,True
da_neurons,attention_zero_shot,CD69,BP,True
da_neurons,attention_zero_shot,F13A1,BP,True
da_neurons,attention_zero_shot,ARHGAP28,BP,True
da_neurons,attention_zero_shot,PAX3,BP,True
da_neurons,attention_zero_shot,GLI3,BP,True
da_neurons,attention_zero_shot,PLAC8,BP,True
da_neurons,attention_zero_shot,CD163,BP,True
da_neurons,attention_zero_shot,RHOJ,BP,True
da_neurons,attention_zero_shot,CPED1,BP,False
da_neurons,attention_zero_shot,THSD7B,BP,True
da_neurons,attention_zero_shot,SLCO1C1,BP,True
da_neurons,attention_zero_shot,CA12,BP,True
da_neurons,attention_zero_shot,PRDM6,BP,True
da_neurons,attention_zero_shot,KYNU,BP,True
da_neurons,attention_zero_shot,CENPF,BP,True
da_neurons,attention_zero_shot,BMPER,BP,True
da_neurons,attention_zero_shot,RGS1,BP,True
da_neurons,attention_zero_shot,KCNE4,BP,True
da_neurons,attention_zero_shot,COL27A1,BP,True
da_neurons,attention_zero_shot,HCK,BP,True
da_neurons,attention_zero_shot,ARMC3,BP,True
da_neurons,attention_zero_shot,SNCAIP,BP,True
da_neurons,attention_zero_shot,THEMIS,BP,True
da_neurons,attention_zero_shot,TBXAS1,BP,True
da_neurons,ig_lora,ETNPPL,BP,True
da_neurons,ig_lora,CD163,BP,True
da_neurons,ig_lora,ANGPTL4,BP,True
da_neurons,ig_lora,PLEK,BP,True
da_neurons,ig_lora,IL1B,BP,True
da_neurons,ig_lora,SRGN,BP,True
da_neurons,ig_lora,GALNT15,BP,True
da_neurons,ig_lora,ID3,BP,True
da_neurons,ig_lora,GLDN,BP,True
da_neurons,ig_lora,SPOCD1,BP,True
da_neurons,ig_lora,MS4A4A,BP,False
da_neurons,ig_lora,GADD45G,BP,True
da_neurons,ig_lora,OLR1,BP,True
da_neurons,ig_lora,PPP1R3C,BP,True
da_neurons,ig_lora,ADM,BP,True
da_neurons,ig_lora,CLEC5A,BP,True
da_neurons,ig_lora,HES1,BP,True
da_neurons,ig_lora,ID2,BP,True
da_neurons,ig_lora,TYK2,BP,True
da_neurons,ig_lora,MND1,BP,True
da_neurons,ig_lora,CCL3,BP,True
da_neurons,ig_lora,OPALIN,BP,True
da_neurons,ig_lora,SVEP1,BP,True
da_neurons,ig_lora,DUSP1,BP,True
da_neurons,ig_lora,AHCYL1,BP,True
da_neurons,ig_lora,COL27A1,BP,True
da_neurons,ig_lora,CH25H,BP,True
da_neurons,ig_lora,SERPINE1,BP,True
da_neurons,ig_lora,PPP1R14A,BP,True
da_neurons,ig_lora,CLEC7A,BP,True
microglia,attention_zero_shot,GEM,BP,True
microglia,attention_zero_shot,LAMA4,BP,True
microglia,attention_zero_shot,SLCO1C1,BP,True
microglia,attention_zero_shot,CH25H,BP,True
microglia,attention_zero_shot,SPOCD1,BP,True
microglia,attention_zero_shot,IGFBP7,BP,True
microglia,attention_zero_shot,C1orf87,BP,False
microglia,attention_zero_shot,NXPH1,BP,True
microglia,attention_zero_shot,CD83,BP,True
microglia,attention_zero_shot,ARHGAP28,BP,True
microglia,attention_zero_shot,RGS6,BP,True
microglia,attention_zero_shot,IL1B,BP,True
microglia,attention_zero_shot,TMC1,BP,True
microglia,attention_zero_shot,VCAN,BP,True
microglia,attention_zero_shot,SLC24A3,BP,True
microglia,attention_zero_shot,DEPDC1B,BP,True
microglia,attention_zero_shot,ANGPTL4,BP,True
microglia,attention_zero_shot,PPARGC1A,BP,True
microglia,attention_zero_shot,SEL1L3,BP,False
microglia,attention_zero_shot,FRMPD2,BP,True
microglia,attention_zero_shot,SERPINI2,BP,False
microglia,attention_zero_shot,PAK5,BP,True
microglia,attention_zero_shot,CCDC85A,BP,False
microglia,attention_zero_shot,EMP1,BP,True
microglia,attention_zero_shot,ALDH1L1,BP,True
microglia,attention_zero_shot,EYA1,BP,True
microglia,attention_zero_shot,LAMA1,BP,True
microglia,attention_zero_shot,TNFAIP3,BP,True
microglia,attention_zero_shot,ANGPT1,BP,True
microglia,attention_zero_shot,GALNT15,BP,True
microglia,ig_lora,MS4A4A,BP,False
microglia,ig_lora,GLDN,BP,True
microglia,ig_lora,CD163,BP,True
microglia,ig_lora,SPOCD1,BP,True
microglia,ig_lora,CHI3L1,BP,True
microglia,ig_lora,SVEP1,BP,True
microglia,ig_lora,COL21A1,BP,False
microglia,ig_lora,SLC7A11,BP,True
microglia,ig_lora,COL27A1,BP,True
microglia,ig_lora,GAP43,BP,True
microglia,ig_lora,OLR1,BP,True
microglia,ig_lora,SLC2A3,BP,True
microglia,ig_lora,SV2C,BP,True
microglia,ig_lora,SERPINE1,BP,True
microglia,ig_lora,ETNPPL,BP,True
microglia,ig_lora,SLC39A12,BP,True
microglia,ig_lora,ATP6V0D2,BP,True
microglia,ig_lora,APOE,BP,True
microglia,ig_lora,SNCG,BP,True
microglia,ig_lora,CD83,BP,True
microglia,ig_lora,APOC1,BP,True
microglia,ig_lora,AQP4,BP,True
microglia,ig_lora,TPD52L1,BP,True
microglia,ig_lora,ID2,BP,True
microglia,ig_lora,TNFRSF11B,BP,True
microglia,ig_lora,SPP1,BP,True
microglia,ig_lora,SLC11A1,BP,True
microglia,ig_lora,VGF,BP,True
microglia,ig_lora,GPAT3,BP,True
microglia,ig_lora,RANBP3L,BP,True
oligodendrocytes,attention_zero_shot,CCL4,BP,True
oligodendrocytes,attention_zero_shot,ITGA4,BP,True
oligodendrocytes,attention_zero_shot,MARCO,BP,True
oligodendrocytes,attention_zero_shot,FGL1,BP,True
oligodendrocytes,attention_zero_shot,CCL3,BP,True
oligodendrocytes,attention_zero_shot,F5,BP,True
oligodendrocytes,attention_zero_shot,HES1,BP,True
oligodendrocytes,attention_zero_shot,SLC16A10,BP,True
oligodendrocytes,attention_zero_shot,RBMS3,BP,True
oligodendrocytes,attention_zero_shot,BICC1,BP,True
oligodendrocytes,attention_zero_shot,NRP1,BP,True
oligodendrocytes,attention_zero_shot,ACSBG1,BP,True
oligodendrocytes,attention_zero_shot,SYT1,BP,True
oligodendrocytes,attention_zero_shot,CENPF,BP,True
oligodendrocytes,attention_zero_shot,CD69,BP,True
oligodendrocytes,attention_zero_shot,KCNJ3,BP,True
oligodendrocytes,attention_zero_shot,CALY,BP,True
oligodendrocytes,attention_zero_shot,KCNQ5,BP,True
oligodendrocytes,attention_zero_shot,STMN2,BP,True
oligodendrocytes,attention_zero_shot,VAV3,BP,True
oligodendrocytes,attention_zero_shot,NRG3,BP,True
oligodendrocytes,attention_zero_shot,RGS1,BP,True
oligodendrocytes,attention_zero_shot,THSD7B,BP,True
oligodendrocytes,attention_zero_shot,GABRB2,BP,True
oligodendrocytes,attention_zero_shot,NRG1,BP,True
oligodendrocytes,attention_zero_shot,STAB1,BP,True
oligodendrocytes,attention_zero_shot,GAP43,BP,True
oligodendrocytes,attention_zero_shot,ELAVL2,BP,True
oligodendrocytes,attention_zero_shot,LRRC3B,BP,False
oligodendrocytes,attention_zero_shot,SAMD5,BP,True
oligodendrocytes,ig_lora,CD163,BP,True
oligodendrocytes,ig_lora,ID2,BP,True
oligodendrocytes,ig_lora,HES1,BP,True
oligodendrocytes,ig_lora,MS4A4A,BP,False
oligodendrocytes,ig_lora,PPP1R3C,BP,True
oligodendrocytes,ig_lora,NR4A3,BP,True
oligodendrocytes,ig_lora,ETNPPL,BP,True
oligodendrocytes,ig_lora,ID3,BP,True
oligodendrocytes,ig_lora,ANGPTL4,BP,True
oligodendrocytes,ig_lora,DUSP1,BP,True
oligodendrocytes,ig_lora,PLEK,BP,True
oligodendrocytes,ig_lora,ADM,BP,True
oligodendrocytes,ig_lora,SERPINE1,BP,True
oligodendrocytes,ig_lora,GADD45G,BP,True
oligodendrocytes,ig_lora,SRGN,BP,True
oligodendrocytes,ig_lora,CH25H,BP,True
oligodendrocytes,ig_lora,ATP6V0D2,BP,True
oligodendrocytes,ig_lora,SVEP1,BP,True
oligodendrocytes,ig_lora,AHCYL1,BP,True
oligodendrocytes,ig_lora,SLC2A3,BP,True
oligodendrocytes,ig_lora,HBB,BP,True
oligodendrocytes,ig_lora,TYK2,BP,True
oligodendrocytes,ig_lora,IL1B,BP,True
oligodendrocytes,ig_lora,OLR1,BP,True
oligodendrocytes,ig_lora,OPALIN,BP,True
oligodendrocytes,ig_lora,CCL3,BP,True
oligodendrocytes,ig_lora,SELENOP,BP,True
oligodendrocytes,ig_lora,LIPG,BP,True
oligodendrocytes,ig_lora,PLAC8,BP,True
oligodendrocytes,ig_lora,CD69,BP,True
astrocytes,attention_zero_shot,NR4A3,CC,True
astrocytes,attention_zero_shot,PLA2G4A,CC,True
astrocytes,attention_zero_shot,CR1,CC,True
astrocytes,attention_zero_shot,CEBPD,CC,True
astrocytes,attention_zero_shot,ITGA4,CC,True
astrocytes,attention_zero_shot,MX2,CC,True
astrocytes,attention_zero_shot,GFRA1,CC,True
astrocytes,attention_zero_shot,ANKRD22,CC,False
astrocytes,attention_zero_shot,CD69,CC,True
astrocytes,attention_zero_shot,ST8SIA4,CC,True
astrocytes,attention_zero_shot,CD163,CC,True
astrocytes,attention_zero_shot,MS4A4E,CC,True
astrocytes,attention_zero_shot,OLR1,CC,True
astrocytes,attention_zero_shot,ID2,CC,True
astrocytes,attention_zero_shot,CSF3R,CC,True
astrocytes,attention_zero_shot,TUBB2B,CC,True
astrocytes,attention_zero_shot,CD86,CC,True
astrocytes,attention_zero_shot,ADM,CC,True
astrocytes,attention_zero_shot,ANGPTL4,CC,True
astrocytes,attention_zero_shot,HES1,CC,True
astrocytes,attention_zero_shot,ID3,CC,True
astrocytes,attention_zero_shot,IFI44L,CC,True
astrocytes,attention_zero_shot,F13A1,CC,True
astrocytes,attention_zero_shot,CMKLR1,CC,True
astrocytes,attention_zero_shot,HSP90AA1,CC,True
astrocytes,attention_zero_shot,EPSTI1,CC,False
astrocytes,attention_zero_shot,KYNU,CC,True
astrocytes,attention_zero_shot,MT1M,CC,True
astrocytes,attention_zero_shot,CPA6,CC,True
astrocytes,attention_zero_shot,ABCA9,CC,True
astrocytes,ig_lora,AHCYL1,CC,True
astrocytes,ig_lora,CCL4,CC,True
astrocytes,ig_lora,ETNPPL,CC,True
astrocytes,ig_lora,CCL3,CC,True
astrocytes,ig_lora,CD163,CC,True
astrocytes,ig_lora,HES1,CC,True
astrocytes,ig_lora,FCGR2A,CC,True
astrocytes,ig_lora,ATP10A,CC,True
astrocytes,ig_lora,ADM,CC,True
astrocytes,ig_lora,SLC2A3,CC,True
astrocytes,ig_lora,OPALIN,CC,True
astrocytes,ig_lora,ID2,CC,True
astrocytes,ig_lora,HBB,CC,True
astrocytes,ig_lora,MS4A4A,CC,True
astrocytes,ig_lora,ATP6V0D2,CC,True
astrocytes,ig_lora,GLDN,CC,True
astrocytes,ig_lora,ADGRG6,CC,True
astrocytes,ig_lora,ID3,CC,True
astrocytes,ig_lora,SPP1,CC,True
astrocytes,ig_lora,SPOCD1,CC,True
astrocytes,ig_lora,RGS1,CC,True
astrocytes,ig_lora,TRDN,CC,True
astrocytes,ig_lora,ANGPTL4,CC,True
astrocytes,ig_lora,PPP1R3C,CC,True
astrocytes,ig_lora,NR4A3,CC,True
astrocytes,ig_lora,CEBPD,CC,True
astrocytes,ig_lora,DUSP1,CC,True
astrocytes,ig_lora,CHI3L1,CC,True
astrocytes,ig_lora,GADD45G,CC,True
astrocytes,ig_lora,F13A1,CC,True
da_neurons,attention_zero_shot,CYP4F12,CC,True
da_neurons,attention_zero_shot,CCL4,CC,True
da_neurons,attention_zero_shot,IL1B,CC,True
da_neurons,attention_zero_shot,GPR183,CC,True
da_neurons,attention_zero_shot,P2RY12,CC,True
da_neurons,attention_zero_shot,CH25H,CC,True
da_neurons,attention_zero_shot,CD69,CC,True
da_neurons,attention_zero_shot,F13A1,CC,True
da_neurons,attention_zero_shot,ARHGAP28,CC,True
da_neurons,attention_zero_shot,PAX3,CC,True
da_neurons,attention_zero_shot,GLI3,CC,True
da_neurons,attention_zero_shot,PLAC8,CC,True
da_neurons,attention_zero_shot,CD163,CC,True
da_neurons,attention_zero_shot,RHOJ,CC,True
da_neurons,attention_zero_shot,CPED1,CC,True
da_neurons,attention_zero_shot,THSD7B,CC,True
da_neurons,attention_zero_shot,SLCO1C1,CC,True
da_neurons,attention_zero_shot,CA12,CC,True
da_neurons,attention_zero_shot,PRDM6,CC,True
da_neurons,attention_zero_shot,KYNU,CC,True
da_neurons,attention_zero_shot,CENPF,CC,True
da_neurons,attention_zero_shot,BMPER,CC,True
da_neurons,attention_zero_shot,RGS1,CC,True
da_neurons,attention_zero_shot,KCNE4,CC,True
da_neurons,attention_zero_shot,COL27A1,CC,True
da_neurons,attention_zero_shot,HCK,CC,True
da_neurons,attention_zero_shot,ARMC3,CC,True
da_neurons,attention_zero_shot,SNCAIP,CC,True
da_neurons,attention_zero_shot,THEMIS,CC,True
da_neurons,attention_zero_shot,TBXAS1,CC,True
da_neurons,ig_lora,ETNPPL,CC,True
da_neurons,ig_lora,CD163,CC,True
da_neurons,ig_lora,ANGPTL4,CC,True
da_neurons,ig_lora,PLEK,CC,True
da_neurons,ig_lora,IL1B,CC,True
da_neurons,ig_lora,SRGN,CC,True
da_neurons,ig_lora,GALNT15,CC,True
da_neurons,ig_lora,ID3,CC,True
da_neurons,ig_lora,GLDN,CC,True
da_neurons,ig_lora,SPOCD1,CC,True
da_neurons,ig_lora,MS4A4A,CC,True
da_neurons,ig_lora,GADD45G,CC,True
da_neurons,ig_lora,OLR1,CC,True
da_neurons,ig_lora,PPP1R3C,CC,True
da_neurons,ig_lora,ADM,CC,True
da_neurons,ig_lora,CLEC5A,CC,True
da_neurons,ig_lora,HES1,CC,True
da_neurons,ig_lora,ID2,CC,True
da_neurons,ig_lora,TYK2,CC,True
da_neurons,ig_lora,MND1,CC,True
da_neurons,ig_lora,CCL3,CC,True
da_neurons,ig_lora,OPALIN,CC,True
da_neurons,ig_lora,SVEP1,CC,True
da_neurons,ig_lora,DUSP1,CC,True
da_neurons,ig_lora,AHCYL1,CC,True
da_neurons,ig_lora,COL27A1,CC,True
da_neurons,ig_lora,CH25H,CC,True
da_neurons,ig_lora,SERPINE1,CC,True
da_neurons,ig_lora,PPP1R14A,CC,True
da_neurons,ig_lora,CLEC7A,CC,True
microglia,attention_zero_shot,GEM,CC,True
microglia,attention_zero_shot,LAMA4,CC,True
microglia,attention_zero_shot,SLCO1C1,CC,True
microglia,attention_zero_shot,CH25H,CC,True
microglia,attention_zero_shot,SPOCD1,CC,True
microglia,attention_zero_shot,IGFBP7,CC,True
microglia,attention_zero_shot,C1orf87,CC,True
microglia,attention_zero_shot,NXPH1,CC,True
microglia,attention_zero_shot,CD83,CC,True
microglia,attention_zero_shot,ARHGAP28,CC,True
microglia,attention_zero_shot,RGS6,CC,True
microglia,attention_zero_shot,IL1B,CC,True
microglia,attention_zero_shot,TMC1,CC,True
microglia,attention_zero_shot,VCAN,CC,True
microglia,attention_zero_shot,SLC24A3,CC,True
microglia,attention_zero_shot,DEPDC1B,CC,False
microglia,attention_zero_shot,ANGPTL4,CC,True
microglia,attention_zero_shot,PPARGC1A,CC,True
microglia,attention_zero_shot,SEL1L3,CC,True
microglia,attention_zero_shot,FRMPD2,CC,True
microglia,attention_zero_shot,SERPINI2,CC,True
microglia,attention_zero_shot,PAK5,CC,True
microglia,attention_zero_shot,CCDC85A,CC,True
microglia,attention_zero_shot,EMP1,CC,True
microglia,attention_zero_shot,ALDH1L1,CC,True
microglia,attention_zero_shot,EYA1,CC,True
microglia,attention_zero_shot,LAMA1,CC,True
microglia,attention_zero_shot,TNFAIP3,CC,True
microglia,attention_zero_shot,ANGPT1,CC,True
microglia,attention_zero_shot,GALNT15,CC,True
microglia,ig_lora,MS4A4A,CC,True
microglia,ig_lora,GLDN,CC,True
microglia,ig_lora,CD163,CC,True
microglia,ig_lora,SPOCD1,CC,True
microglia,ig_lora,CHI3L1,CC,True
microglia,ig_lora,SVEP1,CC,True
microglia,ig_lora,COL21A1,CC,True
microglia,ig_lora,SLC7A11,CC,True
microglia,ig_lora,COL27A1,CC,True
microglia,ig_lora,GAP43,CC,True
microglia,ig_lora,OLR1,CC,True
microglia,ig_lora,SLC2A3,CC,True
microglia,ig_lora,SV2C,CC,True
microglia,ig_lora,SERPINE1,CC,True
microglia,ig_lora,ETNPPL,CC,True
microglia,ig_lora,SLC39A12,CC,True
microglia,ig_lora,ATP6V0D2,CC,True
microglia,ig_lora,APOE,CC,True
microglia,ig_lora,SNCG,CC,True
microglia,ig_lora,CD83,CC,True
microglia,ig_lora,APOC1,CC,True
microglia,ig_lora,AQP4,CC,True
microglia,ig_lora,TPD52L1,CC,True
microglia,ig_lora,ID2,CC,True
microglia,ig_lora,TNFRSF11B,CC,True
microglia,ig_lora,SPP1,CC,True
microglia,ig_lora,SLC11A1,CC,True
microglia,ig_lora,VGF,CC,True
microglia,ig_lora,GPAT3,CC,True
microglia,ig_lora,RANBP3L,CC,True
oligodendrocytes,attention_zero_shot,CCL4,CC,True
oligodendrocytes,attention_zero_shot,ITGA4,CC,True
oligodendrocytes,attention_zero_shot,MARCO,CC,True
oligodendrocytes,attention_zero_shot,FGL1,CC,True
oligodendrocytes,attention_zero_shot,CCL3,CC,True
oligodendrocytes,attention_zero_shot,F5,CC,True
oligodendrocytes,attention_zero_shot,HES1,CC,True
oligodendrocytes,attention_zero_shot,SLC16A10,CC,True
oligodendrocytes,attention_zero_shot,RBMS3,CC,True
oligodendrocytes,attention_zero_shot,BICC1,CC,True
oligodendrocytes,attention_zero_shot,NRP1,CC,True
oligodendrocytes,attention_zero_shot,ACSBG1,CC,True
oligodendrocytes,attention_zero_shot,SYT1,CC,True
oligodendrocytes,attention_zero_shot,CENPF,CC,True
oligodendrocytes,attention_zero_shot,CD69,CC,True
oligodendrocytes,attention_zero_shot,KCNJ3,CC,True
oligodendrocytes,attention_zero_shot,CALY,CC,True
oligodendrocytes,attention_zero_shot,KCNQ5,CC,True
oligodendrocytes,attention_zero_shot,STMN2,CC,True
oligodendrocytes,attention_zero_shot,VAV3,CC,True
oligodendrocytes,attention_zero_shot,NRG3,CC,True
oligodendrocytes,attention_zero_shot,RGS1,CC,True
oligodendrocytes,attention_zero_shot,THSD7B,CC,True
oligodendrocytes,attention_zero_shot,GABRB2,CC,True
oligodendrocytes,attention_zero_shot,NRG1,CC,True
oligodendrocytes,attention_zero_shot,STAB1,CC,True
oligodendrocytes,attention_zero_shot,GAP43,CC,True
oligodendrocytes,attention_zero_shot,ELAVL2,CC,True
oligodendrocytes,attention_zero_shot,LRRC3B,CC,True
oligodendrocytes,attention_zero_shot,SAMD5,CC,True
oligodendrocytes,ig_lora,CD163,CC,True
oligodendrocytes,ig_lora,ID2,CC,True
oligodendrocytes,ig_lora,HES1,CC,True
oligodendrocytes,ig_lora,MS4A4A,CC,True
oligodendrocytes,ig_lora,PPP1R3C,CC,True
oligodendrocytes,ig_lora,NR4A3,CC,True
oligodendrocytes,ig_lora,ETNPPL,CC,True
oligodendrocytes,ig_lora,ID3,CC,True
oligodendrocytes,ig_lora,ANGPTL4,CC,True
oligodendrocytes,ig_lora,DUSP1,CC,True
oligodendrocytes,ig_lora,PLEK,CC,True
oligodendrocytes,ig_lora,ADM,CC,True
oligodendrocytes,ig_lora,SERPINE1,CC,True
oligodendrocytes,ig_lora,GADD45G,CC,True
oligodendrocytes,ig_lora,SRGN,CC,True
oligodendrocytes,ig_lora,CH25H,CC,True
oligodendrocytes,ig_lora,ATP6V0D2,CC,True
oligodendrocytes,ig_lora,SVEP1,CC,True
oligodendrocytes,ig_lora,AHCYL1,CC,True
oligodendrocytes,ig_lora,SLC2A3,CC,True
oligodendrocytes,ig_lora,HBB,CC,True
oligodendrocytes,ig_lora,TYK2,CC,True
oligodendrocytes,ig_lora,IL1B,CC,True
oligodendrocytes,ig_lora,OLR1,CC,True
oligodendrocytes,ig_lora,OPALIN,CC,True
oligodendrocytes,ig_lora,CCL3,CC,True
oligodendrocytes,ig_lora,SELENOP,CC,True
oligodendrocytes,ig_lora,LIPG,CC,True
oligodendrocytes,ig_lora,PLAC8,CC,True
oligodendrocytes,ig_lora,CD69,CC,True
astrocytes,attention_zero_shot,NR4A3,MF,True
astrocytes,attention_zero_shot,PLA2G4A,MF,True
astrocytes,attention_zero_shot,CR1,MF,True
astrocytes,attention_zero_shot,CEBPD,MF,True
astrocytes,attention_zero_shot,ITGA4,MF,True
astrocytes,attention_zero_shot,MX2,MF,True
astrocytes,attention_zero_shot,GFRA1,MF,True
astrocytes,attention_zero_shot,ANKRD22,MF,False
astrocytes,attention_zero_shot,CD69,MF,True
astrocytes,attention_zero_shot,ST8SIA4,MF,True
astrocytes,attention_zero_shot,CD163,MF,True
astrocytes,attention_zero_shot,MS4A4E,MF,False
astrocytes,attention_zero_shot,OLR1,MF,True
astrocytes,attention_zero_shot,ID2,MF,True
astrocytes,attention_zero_shot,CSF3R,MF,True
astrocytes,attention_zero_shot,TUBB2B,MF,True
astrocytes,attention_zero_shot,CD86,MF,True
astrocytes,attention_zero_shot,ADM,MF,True
astrocytes,attention_zero_shot,ANGPTL4,MF,True
astrocytes,attention_zero_shot,HES1,MF,True
astrocytes,attention_zero_shot,ID3,MF,True
astrocytes,attention_zero_shot,IFI44L,MF,False
astrocytes,attention_zero_shot,F13A1,MF,True
astrocytes,attention_zero_shot,CMKLR1,MF,True
astrocytes,attention_zero_shot,HSP90AA1,MF,True
astrocytes,attention_zero_shot,EPSTI1,MF,True
astrocytes,attention_zero_shot,KYNU,MF,True
astrocytes,attention_zero_shot,MT1M,MF,True
astrocytes,attention_zero_shot,CPA6,MF,True
astrocytes,attention_zero_shot,ABCA9,MF,True
astrocytes,ig_lora,AHCYL1,MF,True
astrocytes,ig_lora,CCL4,MF,True
astrocytes,ig_lora,ETNPPL,MF,True
astrocytes,ig_lora,CCL3,MF,True
astrocytes,ig_lora,CD163,MF,True
astrocytes,ig_lora,HES1,MF,True
astrocytes,ig_lora,FCGR2A,MF,True
astrocytes,ig_lora,ATP10A,MF,True
astrocytes,ig_lora,ADM,MF,True
astrocytes,ig_lora,SLC2A3,MF,True
astrocytes,ig_lora,OPALIN,MF,False
astrocytes,ig_lora,ID2,MF,True
astrocytes,ig_lora,HBB,MF,True
astrocytes,ig_lora,MS4A4A,MF,True
astrocytes,ig_lora,ATP6V0D2,MF,True
astrocytes,ig_lora,GLDN,MF,True
astrocytes,ig_lora,ADGRG6,MF,True
astrocytes,ig_lora,ID3,MF,True
astrocytes,ig_lora,SPP1,MF,True
astrocytes,ig_lora,SPOCD1,MF,True
astrocytes,ig_lora,RGS1,MF,True
astrocytes,ig_lora,TRDN,MF,True
astrocytes,ig_lora,ANGPTL4,MF,True
astrocytes,ig_lora,PPP1R3C,MF,True
astrocytes,ig_lora,NR4A3,MF,True
astrocytes,ig_lora,CEBPD,MF,True
astrocytes,ig_lora,DUSP1,MF,True
astrocytes,ig_lora,CHI3L1,MF,True
astrocytes,ig_lora,GADD45G,MF,True
astrocytes,ig_lora,F13A1,MF,True
da_neurons,attention_zero_shot,CYP4F12,MF,True
da_neurons,attention_zero_shot,CCL4,MF,True
da_neurons,attention_zero_shot,IL1B,MF,True
da_neurons,attention_zero_shot,GPR183,MF,True
da_neurons,attention_zero_shot,P2RY12,MF,True
da_neurons,attention_zero_shot,CH25H,MF,True
da_neurons,attention_zero_shot,CD69,MF,True
da_neurons,attention_zero_shot,F13A1,MF,True
da_neurons,attention_zero_shot,ARHGAP28,MF,True
da_neurons,attention_zero_shot,PAX3,MF,True
da_neurons,attention_zero_shot,GLI3,MF,True
da_neurons,attention_zero_shot,PLAC8,MF,True
da_neurons,attention_zero_shot,CD163,MF,True
da_neurons,attention_zero_shot,RHOJ,MF,True
da_neurons,attention_zero_shot,CPED1,MF,False
da_neurons,attention_zero_shot,THSD7B,MF,True
da_neurons,attention_zero_shot,SLCO1C1,MF,True
da_neurons,attention_zero_shot,CA12,MF,True
da_neurons,attention_zero_shot,PRDM6,MF,True
da_neurons,attention_zero_shot,KYNU,MF,True
da_neurons,attention_zero_shot,CENPF,MF,True
da_neurons,attention_zero_shot,BMPER,MF,True
da_neurons,attention_zero_shot,RGS1,MF,True
da_neurons,attention_zero_shot,KCNE4,MF,True
da_neurons,attention_zero_shot,COL27A1,MF,True
da_neurons,attention_zero_shot,HCK,MF,True
da_neurons,attention_zero_shot,ARMC3,MF,False
da_neurons,attention_zero_shot,SNCAIP,MF,True
da_neurons,attention_zero_shot,THEMIS,MF,True
da_neurons,attention_zero_shot,TBXAS1,MF,True
da_neurons,ig_lora,ETNPPL,MF,True
da_neurons,ig_lora,CD163,MF,True
da_neurons,ig_lora,ANGPTL4,MF,True
da_neurons,ig_lora,PLEK,MF,True
da_neurons,ig_lora,IL1B,MF,True
da_neurons,ig_lora,SRGN,MF,True
da_neurons,ig_lora,GALNT15,MF,True
da_neurons,ig_lora,ID3,MF,True
da_neurons,ig_lora,GLDN,MF,True
da_neurons,ig_lora,SPOCD1,MF,True
da_neurons,ig_lora,MS4A4A,MF,True
da_neurons,ig_lora,GADD45G,MF,True
da_neurons,ig_lora,OLR1,MF,True
da_neurons,ig_lora,PPP1R3C,MF,True
da_neurons,ig_lora,ADM,MF,True
da_neurons,ig_lora,CLEC5A,MF,True
da_neurons,ig_lora,HES1,MF,True
da_neurons,ig_lora,ID2,MF,True
da_neurons,ig_lora,TYK2,MF,True
da_neurons,ig_lora,MND1,MF,True
da_neurons,ig_lora,CCL3,MF,True
da_neurons,ig_lora,OPALIN,MF,False
da_neurons,ig_lora,SVEP1,MF,True
da_neurons,ig_lora,DUSP1,MF,True
da_neurons,ig_lora,AHCYL1,MF,True
da_neurons,ig_lora,COL27A1,MF,True
da_neurons,ig_lora,CH25H,MF,True
da_neurons,ig_lora,SERPINE1,MF,True
da_neurons,ig_lora,PPP1R14A,MF,True
da_neurons,ig_lora,CLEC7A,MF,True
microglia,attention_zero_shot,GEM,MF,True
microglia,attention_zero_shot,LAMA4,MF,True
microglia,attention_zero_shot,SLCO1C1,MF,True
microglia,attention_zero_shot,CH25H,MF,True
microglia,attention_zero_shot,SPOCD1,MF,True
microglia,attention_zero_shot,IGFBP7,MF,True
microglia,attention_zero_shot,C1orf87,MF,False
microglia,attention_zero_shot,NXPH1,MF,True
microglia,attention_zero_shot,CD83,MF,True
microglia,attention_zero_shot,ARHGAP28,MF,True
microglia,attention_zero_shot,RGS6,MF,True
microglia,attention_zero_shot,IL1B,MF,True
microglia,attention_zero_shot,TMC1,MF,True
microglia,attention_zero_shot,VCAN,MF,True
microglia,attention_zero_shot,SLC24A3,MF,True
microglia,attention_zero_shot,DEPDC1B,MF,True
microglia,attention_zero_shot,ANGPTL4,MF,True
microglia,attention_zero_shot,PPARGC1A,MF,True
microglia,attention_zero_shot,SEL1L3,MF,False
microglia,attention_zero_shot,FRMPD2,MF,True
microglia,attention_zero_shot,SERPINI2,MF,True
microglia,attention_zero_shot,PAK5,MF,True
microglia,attention_zero_shot,CCDC85A,MF,True
microglia,attention_zero_shot,EMP1,MF,True
microglia,attention_zero_shot,ALDH1L1,MF,True
microglia,attention_zero_shot,EYA1,MF,True
microglia,attention_zero_shot,LAMA1,MF,True
microglia,attention_zero_shot,TNFAIP3,MF,True
microglia,attention_zero_shot,ANGPT1,MF,True
microglia,attention_zero_shot,GALNT15,MF,True
microglia,ig_lora,MS4A4A,MF,True
microglia,ig_lora,GLDN,MF,True
microglia,ig_lora,CD163,MF,True
microglia,ig_lora,SPOCD1,MF,True
microglia,ig_lora,CHI3L1,MF,True
microglia,ig_lora,SVEP1,MF,True
microglia,ig_lora,COL21A1,MF,True
microglia,ig_lora,SLC7A11,MF,True
microglia,ig_lora,COL27A1,MF,True
microglia,ig_lora,GAP43,MF,True
microglia,ig_lora,OLR1,MF,True
microglia,ig_lora,SLC2A3,MF,True
microglia,ig_lora,SV2C,MF,True
microglia,ig_lora,SERPINE1,MF,True
microglia,ig_lora,ETNPPL,MF,True
microglia,ig_lora,SLC39A12,MF,True
microglia,ig_lora,ATP6V0D2,MF,True
microglia,ig_lora,APOE,MF,True
microglia,ig_lora,SNCG,MF,True
microglia,ig_lora,CD83,MF,True
microglia,ig_lora,APOC1,MF,True
microglia,ig_lora,AQP4,MF,True
microglia,ig_lora,TPD52L1,MF,True
microglia,ig_lora,ID2,MF,True
microglia,ig_lora,TNFRSF11B,MF,True
microglia,ig_lora,SPP1,MF,True
microglia,ig_lora,SLC11A1,MF,True
microglia,ig_lora,VGF,MF,True
microglia,ig_lora,GPAT3,MF,True
microglia,ig_lora,RANBP3L,MF,True
oligodendrocytes,attention_zero_shot,CCL4,MF,True
oligodendrocytes,attention_zero_shot,ITGA4,MF,True
oligodendrocytes,attention_zero_shot,MARCO,MF,True
oligodendrocytes,attention_zero_shot,FGL1,MF,True
oligodendrocytes,attention_zero_shot,CCL3,MF,True
oligodendrocytes,attention_zero_shot,F5,MF,True
oligodendrocytes,attention_zero_shot,HES1,MF,True
oligodendrocytes,attention_zero_shot,SLC16A10,MF,True
oligodendrocytes,attention_zero_shot,RBMS3,MF,True
oligodendrocytes,attention_zero_shot,BICC1,MF,True
oligodendrocytes,attention_zero_shot,NRP1,MF,True
oligodendrocytes,attention_zero_shot,ACSBG1,MF,True
oligodendrocytes,attention_zero_shot,SYT1,MF,True
oligodendrocytes,attention_zero_shot,CENPF,MF,True
oligodendrocytes,attention_zero_shot,CD69,MF,True
oligodendrocytes,attention_zero_shot,KCNJ3,MF,True
oligodendrocytes,attention_zero_shot,CALY,MF,True
oligodendrocytes,attention_zero_shot,KCNQ5,MF,True
oligodendrocytes,attention_zero_shot,STMN2,MF,True
oligodendrocytes,attention_zero_shot,VAV3,MF,True
oligodendrocytes,attention_zero_shot,NRG3,MF,True
oligodendrocytes,attention_zero_shot,RGS1,MF,True
oligodendrocytes,attention_zero_shot,THSD7B,MF,True
oligodendrocytes,attention_zero_shot,GABRB2,MF,True
oligodendrocytes,attention_zero_shot,NRG1,MF,True
oligodendrocytes,attention_zero_shot,STAB1,MF,True
oligodendrocytes,attention_zero_shot,GAP43,MF,True
oligodendrocytes,attention_zero_shot,ELAVL2,MF,True
oligodendrocytes,attention_zero_shot,LRRC3B,MF,True
oligodendrocytes,attention_zero_shot,SAMD5,MF,False
oligodendrocytes,ig_lora,CD163,MF,True
oligodendrocytes,ig_lora,ID2,MF,True
oligodendrocytes,ig_lora,HES1,MF,True
oligodendrocytes,ig_lora,MS4A4A,MF,True
oligodendrocytes,ig_lora,PPP1R3C,MF,True
oligodendrocytes,ig_lora,NR4A3,MF,True
oligodendrocytes,ig_lora,ETNPPL,MF,True
oligodendrocytes,ig_lora,ID3,MF,True
oligodendrocytes,ig_lora,ANGPTL4,MF,True
oligodendrocytes,ig_lora,DUSP1,MF,True
oligodendrocytes,ig_lora,PLEK,MF,True
oligodendrocytes,ig_lora,ADM,MF,True
oligodendrocytes,ig_lora,SERPINE1,MF,True
oligodendrocytes,ig_lora,GADD45G,MF,True
oligodendrocytes,ig_lora,SRGN,MF,True
oligodendrocytes,ig_lora,CH25H,MF,True
oligodendrocytes,ig_lora,ATP6V0D2,MF,True
oligodendrocytes,ig_lora,SVEP1,MF,True
oligodendrocytes,ig_lora,AHCYL1,MF,True
oligodendrocytes,ig_lora,SLC2A3,MF,True
oligodendrocytes,ig_lora,HBB,MF,True
oligodendrocytes,ig_lora,TYK2,MF,True
oligodendrocytes,ig_lora,IL1B,MF,True
oligodendrocytes,ig_lora,OLR1,MF,True
oligodendrocytes,ig_lora,OPALIN,MF,False
oligodendrocytes,ig_lora,CCL3,MF,True
oligodendrocytes,ig_lora,SELENOP,MF,True
oligodendrocytes,ig_lora,LIPG,MF,True
oligodendrocytes,ig_lora,PLAC8,MF,True
oligodendrocytes,ig_lora,CD69,MF,True
