cell_type,disease,distance,ontology,method,scope,n_genes,n_annotated,n_ref_genes,mean,median,std,max,skew,p10,p25,p75,p90,p95,bestmatch_mean,bestmatch_median,bestmatch_max
astrocytes,parkinson,lin,BP,attention_zero_shot,all,30,27,184,0.15016047458623444,0.1261801186345355,0.13755703219162121,1.0,0.9739138965109146,0.0,0.030250124239324515,0.23322954031368145,0.33935271932245353,0.4161991500190899,0.5283084787028206,0.5670666258550452,1.0
astrocytes,parkinson,lin,BP,attention_zero_shot,annotated,27,27,184,0.16684497176248272,0.14558858805456765,0.1350579508998867,1.0,0.9235311377341273,0.012855980405268988,0.05045554767826341,0.2462592791717035,0.3531728385980871,0.4266872234880927,0.5870094207809118,0.5721429089093405,1.0
astrocytes,parkinson,lin,BP,ig_lora,all,30,28,184,0.16052511322000826,0.1371519046031685,0.13255211443318568,1.0,0.8649648426076767,0.0,0.049567517229020384,0.2433122886565587,0.3467264157068266,0.4124645910157171,0.5278839360770371,0.5606151366402264,1.0
astrocytes,parkinson,lin,BP,ig_lora,annotated,28,28,184,0.17199119273572314,0.14925153268452107,0.1298191158947928,1.0,0.8559070742232469,0.01958196726519909,0.07048809666264197,0.2523497334802529,0.35268098615159865,0.4176762715930455,0.5655899315111113,0.564040522009505,1.0
astrocytes,parkinson,lin,BP,all_methods,all,60,55,184,0.15534279390312133,0.132930697933383,0.13517713011652419,1.0,0.9166510820532304,0.0,0.03725024624226633,0.23777656216152482,0.3431094330648869,0.41369567531118,0.5280962073899288,0.564040522009505,1.0
astrocytes,parkinson,lin,BP,all_methods,annotated,55,55,184,0.1694648660761324,0.14828877179405953,0.13244179933217728,1.0,0.8888234105572979,0.016646592794637798,0.06150703380370288,0.2496186136541522,0.352997396580769,0.42129676921194764,0.576104953516286,0.567944297124102,1.0
da_neurons,parkinson,lin,BP,attention_zero_shot,all,30,29,184,0.1728826977486821,0.1515115905233773,0.1387040151383186,0.7867142145261345,0.7819961789593782,0.0,0.055454365830936325,0.25953358935259346,0.37185953699568725,0.43843263246115105,0.5693274602095677,0.5728717932729931,0.7867142145261345
da_neurons,parkinson,lin,BP,attention_zero_shot,annotated,29,29,184,0.17884417008484355,0.15901028726996147,0.13724443985519685,0.7867142145261345,0.7735782476826888,0.016938631389247727,0.06604861319004168,0.2640925763828283,0.37424075959186853,0.4407587551931404,0.5889594415961045,0.5762799463261752,0.7867142145261345
da_neurons,parkinson,lin,BP,ig_lora,all,30,29,184,0.16046650855346573,0.14205800053916795,0.12910024754609747,0.7317857888340911,0.8130251921954852,0.00709401664408883,0.04843645638711676,0.24035949311925786,0.336791104091349,0.4024168983429811,0.5299159148790121,0.5532155436197017,0.7317857888340911
da_neurons,parkinson,lin,BP,ig_lora,annotated,29,29,184,0.1659998364346197,0.14891538453238565,0.12776173990469858,0.7317857888340911,0.8060831076826118,0.015438367219593971,0.0576176209680977,0.24508206219236675,0.340120015405499,0.40533248740515426,0.548188877461047,0.5542639651719198,0.7317857888340911
da_neurons,parkinson,lin,BP,all_methods,all,60,58,184,0.16667460315107394,0.14672056740579098,0.13413194736717324,0.7867142145261345,0.804742827856939,0.0,0.05119809490414196,0.25038880378434036,0.35430786012643034,0.4186573293125785,0.5496216875442899,0.5653072516775575,0.7867142145261345
da_neurons,parkinson,lin,BP,all_methods,annotated,58,58,184,0.17242200325973162,0.1531088507049832,0.13274333675951822,0.7867142145261345,0.7971810984024784,0.0161463887159688,0.06230193676867751,0.2544011004244857,0.35923575276515396,0.4219231176415806,0.5685741595285757,0.5669445944944689,0.7867142145261345
microglia,parkinson,lin,BP,attention_zero_shot,all,30,27,184,0.15048803611227943,0.12639292719866763,0.13491399883408123,0.8821827324081406,1.022469417268709,0.0,0.035779903298101746,0.228871512709133,0.33667910337793183,0.41375860677375653,0.5300815427621688,0.5681248311235091,0.8821827324081406
microglia,parkinson,lin,BP,attention_zero_shot,annotated,27,27,184,0.1672089290136438,0.14423168698288108,0.13201638259714585,0.8821827324081406,0.9951141413055309,0.020770347696194676,0.05853714845420397,0.24272997312318537,0.3481421998891322,0.422968773900636,0.5889794919579653,0.5704281211471934,0.8821827324081406
microglia,parkinson,lin,BP,ig_lora,all,30,28,184,0.15930155425039072,0.14101405185203797,0.12940791744005556,1.0,0.8647628678830966,0.0,0.04840742999252942,0.23962548110039844,0.3334384694723487,0.3973493675887227,0.5369818828894123,0.5612442261210007,1.0
microglia,parkinson,lin,BP,ig_lora,annotated,28,28,184,0.1706802366968472,0.15294011566413457,0.12649294431394506,1.0,0.8641506143665675,0.020702918230339807,0.07003399908034702,0.2482405409575289,0.3408405770693199,0.4015936747885998,0.5753377316672276,0.5659131933700795,1.0
microglia,parkinson,lin,BP,all_methods,all,60,55,184,0.15489479518133506,0.1334699794409693,0.13226306216884615,1.0,0.9434172349069954,0.0,0.041201739320500363,0.23475409865940913,0.33550088256498034,0.4042958921158328,0.5335317128257906,0.5653081376400493,1.0
microglia,parkinson,lin,BP,all_methods,annotated,55,55,184,0.16897614019782006,0.14861382505885706,0.12924560366881724,1.0,0.9313025841028375,0.02072944472491206,0.0646896614610467,0.2457767080262746,0.3439286225328021,0.4121866774597526,0.5820345958099533,0.5681443089697494,1.0
oligodendrocytes,parkinson,lin,BP,attention_zero_shot,all,30,26,184,0.1453694261043873,0.11859644594525187,0.13748465491977588,1.0,1.11065726363607,0.0,0.027486846362172922,0.22742767717935702,0.33601752215070235,0.40622911928551514,0.5377477921080097,0.5625404802376274,1.0
oligodendrocytes,parkinson,lin,BP,attention_zero_shot,annotated,26,26,184,0.16773395319736997,0.14414988667526143,0.13438282801445228,1.0,1.0631996858481678,0.01944912564426236,0.05818122893560637,0.24553202264566776,0.3496722883298053,0.4204178215553585,0.6204782216630882,0.5751641299672978,1.0
oligodendrocytes,parkinson,lin,BP,ig_lora,all,30,29,184,0.17276708107580818,0.1543741057555764,0.1319630913246186,0.7742078475829408,0.7442721477717704,0.010685993573146368,0.06654028843477146,0.25376031179213876,0.35559236394773924,0.41994957599753086,0.5362124705577229,0.5681129388811484,0.7742078475829408
oligodendrocytes,parkinson,lin,BP,ig_lora,annotated,29,29,184,0.17872456663014638,0.16072629852793086,0.13019216598939026,0.7742078475829408,0.7449922267047336,0.020468961378178333,0.07593980414709761,0.2589360643258016,0.3597248102731154,0.42286841982612355,0.5547025557493686,0.5682815806381949,0.7742078475829408
oligodendrocytes,parkinson,lin,BP,all_methods,all,60,55,184,0.15906825359009774,0.13748187756244185,0.13544667504100275,1.0,0.9126269225911487,0.0,0.042074414893411446,0.2410199500189145,0.3467363323987181,0.413756817986973,0.5369801313328664,0.567944297124102,1.0
oligodendrocytes,parkinson,lin,BP,all_methods,annotated,55,55,184,0.17352900391647028,0.15323613346899728,0.13230359912500622,1.0,0.8970373900729974,0.019903755978591207,0.06692832962858437,0.25174195967945046,0.3547851743143672,0.42186511091909934,0.5857965069085815,0.574574526581681,1.0
astrocytes,parkinson,SimRel,BP,attention_zero_shot,all,30,27,184,0.11965497173399967,0.08637806148802649,0.12628854129057668,0.9802026286966047,1.2528036953172823,0.0,0.00703675566573267,0.18861471035325178,0.29624053962437236,0.3736233025235124,0.4999590577000399,0.5295908554206068,0.9802026286966047
astrocytes,parkinson,SimRel,BP,attention_zero_shot,annotated,27,27,184,0.13294996859333294,0.10488777828993778,0.12630643155918928,0.9802026286966047,1.1689324056870196,0.002838378681390259,0.023330462845964243,0.20272655588209476,0.3089792005000103,0.3841534581340469,0.5555100641111554,0.5462250223285625,0.9802026286966047
astrocytes,parkinson,SimRel,BP,ig_lora,all,30,28,184,0.1270730946631527,0.09561042215743858,0.12243248700174549,0.9861993428258489,1.1351750917995975,0.0,0.022134523035981714,0.19801721867559646,0.30002775732557474,0.3693331663752951,0.49725890611648454,0.524836029566391,0.9861993428258489
astrocytes,parkinson,SimRel,BP,ig_lora,annotated,28,28,184,0.13614974428194931,0.10840004477129359,0.12175641337111935,0.9861993428258489,1.0937753137601827,0.004525999868086623,0.03702798186422986,0.20833246741036304,0.30855326823312723,0.37420019230963913,0.5327773994105192,0.5284169680623728,0.9861993428258489
astrocytes,parkinson,SimRel,BP,all_methods,all,60,55,184,0.12336403319857617,0.09054698553176785,0.12443075144157548,0.9861993428258489,1.1927895366816885,0.0,0.009592736949191567,0.1929200673240688,0.29856001298598456,0.37133553138049163,0.49860898190826214,0.5284169680623728,0.9861993428258489
astrocytes,parkinson,SimRel,BP,all_methods,annotated,55,55,184,0.13457894530753764,0.10654225424266085,0.12402123768826971,0.9861993428258489,1.1316073832961253,0.0037272194706308953,0.031095145077964743,0.20565824030548852,0.3087757449963135,0.37755403054224806,0.5439370711726497,0.5296809825081801,0.9861993428258489
da_neurons,parkinson,SimRel,BP,attention_zero_shot,all,30,29,184,0.13893486016780554,0.10996644896761913,0.12973006018649094,0.7657228769266734,1.0455093954425454,0.0,0.026440469189154554,0.21493598869248443,0.32725185888502484,0.39762796788907295,0.5418066686420773,0.5363923251951341,0.7657228769266734
da_neurons,parkinson,SimRel,BP,attention_zero_shot,annotated,29,29,184,0.14372571741497125,0.11500500367484479,0.1293122581367249,0.7657228769266734,1.0236494520061974,0.0041142009339486495,0.03475364238582896,0.21929525432153582,0.33073926645562735,0.39979319242333566,0.5604896572159419,0.5381412043135451,0.7657228769266734
da_neurons,parkinson,SimRel,BP,ig_lora,all,30,29,184,0.12693478972971348,0.10093764182331777,0.11921733390678943,0.7146368956333466,1.0855245182809283,0.0015592462103532594,0.0218820021721814,0.19616826312409624,0.2925654039701404,0.3580020422507925,0.49802402484002406,0.5117011235840676,0.7146368956333466
da_neurons,parkinson,SimRel,BP,ig_lora,annotated,29,29,184,0.1313118514445312,0.1054845750937626,0.1188617189706618,0.7146368956333466,1.0645382601406321,0.0035450407058287003,0.03040653527616157,0.20048788060746758,0.29706656068859877,0.36059988404872995,0.515197267075887,0.5157803206994819,0.7146368956333466
da_neurons,parkinson,SimRel,BP,all_methods,all,60,58,184,0.1329348249487595,0.10499005271835622,0.12472903043215935,0.7657228769266734,1.0742698922661686,0.0,0.0240156391391702,0.20495819416346758,0.31131519269336594,0.3742634998846314,0.5199153467410506,0.5312793018596154,0.7657228769266734
da_neurons,parkinson,SimRel,BP,all_methods,annotated,58,58,184,0.1375187844297512,0.11063514330283314,0.12435196093195632,0.7657228769266734,1.0529423401969895,0.0037755297432640316,0.03237977385690566,0.2088360912987461,0.3157354949359822,0.377529368478188,0.5378434621459145,0.5337605336438869,0.7657228769266734
microglia,parkinson,SimRel,BP,attention_zero_shot,all,30,27,184,0.11560911196641294,0.0822618933530218,0.12299851377373834,0.8554428524471466,1.3727399452829439,0.0,0.008527810019022176,0.17919407475821852,0.28683124837248253,0.36534801125228744,0.4955426098860253,0.5128860674104287,0.8554428524471466
microglia,parkinson,SimRel,BP,attention_zero_shot,annotated,27,27,184,0.12845456885156994,0.09817539583068007,0.12312406808334364,0.8554428524471466,1.298463955922928,0.004775606902281242,0.026705545598258967,0.1928487032070647,0.2992934382579241,0.3735062938931146,0.5506028998733614,0.5306867293694334,0.8554428524471466
microglia,parkinson,SimRel,BP,ig_lora,all,30,28,184,0.12716557069935683,0.10080752259517962,0.12076761285385594,0.9861993428258489,1.1522854211241844,0.0,0.021746309925456318,0.19685474321773422,0.2937200111742145,0.357494890266164,0.5102965622403391,0.5281219652939505,0.9861993428258489
microglia,parkinson,SimRel,BP,ig_lora,annotated,28,28,184,0.13624882574931085,0.11322223137543552,0.11995418322746462,0.9861993428258489,1.1173767956188947,0.004681014502519183,0.03605494774460812,0.2055893478428964,0.29956671398666684,0.3636201889075202,0.5467463166860776,0.5364566247251519,0.9861993428258489
microglia,parkinson,SimRel,BP,all_methods,all,60,55,184,0.12138734133288487,0.09142280911855838,0.12202505188319006,0.9861993428258489,1.2588484777166515,0.0,0.010568561690602475,0.1893098833214365,0.2904330434744404,0.3623706743712779,0.5029195860631822,0.5245410267979687,0.9861993428258489
microglia,parkinson,SimRel,BP,all_methods,annotated,55,55,184,0.13242255418132898,0.10529877507728735,0.12158309454127594,0.9861993428258489,1.2057543987730583,0.004734453111124808,0.031985677553223846,0.20012790462940527,0.29935494055308964,0.3689613618383911,0.5486395484325625,0.5306867293694334,0.9861993428258489
oligodendrocytes,parkinson,SimRel,BP,attention_zero_shot,all,30,26,184,0.11497113745605392,0.07878196634586522,0.12668400819071385,0.9856425702811246,1.4415304683917816,0.0,0.006246258926176253,0.18229149949174317,0.2913152489001641,0.3633403443042725,0.5103488501479668,0.5275306066962617,0.9856425702811246
oligodendrocytes,parkinson,SimRel,BP,attention_zero_shot,annotated,26,26,184,0.13265900475698528,0.10252153581663037,0.12716695737602215,0.9856425702811246,1.3381518732545445,0.004390583333959701,0.02728350548079246,0.20069593473496436,0.30662452087356123,0.38144745589686646,0.5888640578630386,0.5457093728358485,0.9856425702811246
oligodendrocytes,parkinson,SimRel,BP,ig_lora,all,30,29,184,0.13948018838696252,0.11447141686718691,0.12307742746490614,0.755073637688124,0.9974201226937286,0.0023487532971425487,0.03673831528363009,0.21113227733735693,0.31397927243922397,0.3775644412245634,0.5062758985894477,0.5284169680623728,0.755073637688124
oligodendrocytes,parkinson,SimRel,BP,ig_lora,annotated,29,29,184,0.14428985005547845,0.11980459864693144,0.12237816165805021,0.755073637688124,0.9826906167960774,0.0049419781536195855,0.04432702278210548,0.21537097704788083,0.31782615199440056,0.38197015570048876,0.5237336881959804,0.5295007283330334,0.755073637688124
oligodendrocytes,parkinson,SimRel,BP,all_methods,all,60,55,184,0.12722566292150822,0.09803436802431495,0.125493501567633,0.9856425702811246,1.2035518791696342,0.0,0.016776526158452394,0.19738128621359166,0.3033789617246776,0.37229119573248504,0.5083123743687074,0.5284169680623728,0.9856425702811246
oligodendrocytes,parkinson,SimRel,BP,all_methods,annotated,55,55,184,0.13879163227800898,0.1120186661854135,0.12480004727706645,0.9856425702811246,1.1524636268873782,0.004638824606205659,0.03584673196141436,0.2083240509835646,0.3118271976647673,0.3818067234798128,0.554522590220408,0.5443995417052574,0.9856425702811246
astrocytes,parkinson,wang,BP,attention_zero_shot,all,30,27,184,0.15661971799675134,0.1468663679358188,0.1116882016139183,1.0,0.7413412344541572,0.0,0.07977973962458068,0.22170719663415023,0.3027115307910399,0.35946683736511564,0.4671680560032502,0.4909987373165219,1.0
astrocytes,parkinson,wang,BP,attention_zero_shot,annotated,27,27,184,0.17402190888527924,0.16044956321200726,0.10407651112023512,1.0,0.8903389204202803,0.05584054725900371,0.10123467179734097,0.2311536146033194,0.31116954968027927,0.3665793570164823,0.5190756177813891,0.4976679234820498,1.0
astrocytes,parkinson,wang,BP,ig_lora,all,30,28,184,0.16541781941504963,0.154681143742108,0.10773974452921087,1.0,0.6896794838776843,0.0,0.09543257484586085,0.22875367450561376,0.30736368258676994,0.35739542484985803,0.47545684161620405,0.49754379021780193,1.0
astrocytes,parkinson,wang,BP,ig_lora,annotated,28,28,184,0.17723337794469604,0.16238839363270474,0.10169991900583915,1.0,0.8358271503449353,0.061563630868345535,0.10823342859855353,0.2352804404194361,0.31173830225016375,0.36164517317680184,0.50941804458879,0.5018589932723883,1.0
astrocytes,parkinson,wang,BP,all_methods,all,60,55,184,0.1610187687059005,0.1505228403862864,0.10981987576311998,1.0,0.7112095139817929,0.0,0.08776847473447469,0.22528977405765835,0.305152668269137,0.35847450195220526,0.4713124488097271,0.4942822805426237,1.0
astrocytes,parkinson,wang,BP,all_methods,annotated,55,55,184,0.1756568385882551,0.16158063176281828,0.10288599758394257,1.0,0.8623078146268439,0.05883517055352502,0.10492520451740107,0.23323901719824294,0.3113175910063026,0.3630925145128027,0.5141590350651568,0.4976679234820498,1.0
da_neurons,parkinson,wang,BP,attention_zero_shot,all,30,29,184,0.17209439554461214,0.15962907553721734,0.10822876111861082,0.710709109207691,0.7066632139516907,0.041249666300023004,0.09909013475127616,0.2333257642487077,0.31988166518231465,0.37377057277490533,0.48629685543729045,0.4921452514619401,0.710709109207691
da_neurons,parkinson,wang,BP,attention_zero_shot,annotated,29,29,184,0.1780286850461505,0.1638368310978788,0.10517083033634643,0.710709109207691,0.7782968196545145,0.05677677627623058,0.10521359417809432,0.2370488466386147,0.3220725618241945,0.37647317180973233,0.5030657125213349,0.492690736930074,0.710709109207691
da_neurons,parkinson,wang,BP,ig_lora,all,30,29,184,0.16742935376117032,0.16030414005182328,0.10223760973701211,0.6407903237640313,0.5776250155871995,0.038851571443166866,0.09633341859905352,0.22837132836035087,0.30052852176795175,0.35055855930689556,0.46254105886398417,0.49041667176981735,0.6407903237640313
da_neurons,parkinson,wang,BP,ig_lora,annotated,29,29,184,0.1732027797529348,0.16402340474923693,0.09906052414254136,0.6407903237640313,0.6483495025691288,0.05577262553824212,0.10275834523900379,0.2315764969957959,0.30369863921021867,0.35193905980173334,0.47849075054894913,0.492690736930074,0.6407903237640313
da_neurons,parkinson,wang,BP,all_methods,all,60,58,184,0.16976187465289125,0.1599381667547135,0.10530164976254539,0.710709109207691,0.6517293226172636,0.0398579517845936,0.09747350282404223,0.23103868098667507,0.31043909846816425,0.36151574377700113,0.47441895715063725,0.4921452514619401,0.710709109207691
da_neurons,parkinson,wang,BP,all_methods,annotated,58,58,184,0.17561573239954267,0.16393484504534267,0.10218986172312088,0.710709109207691,0.7237354902296174,0.05627988941183393,0.1042202666885615,0.23377452108559102,0.31293719600575737,0.36357912630392175,0.490778231535142,0.492690736930074,0.710709109207691
microglia,parkinson,wang,BP,attention_zero_shot,all,30,27,184,0.1631353262951521,0.15446991243806973,0.1146653995554832,0.728949375486731,0.776941476406131,0.0,0.09061226370596083,0.22525066689550555,0.31373871473401826,0.3721661873166129,0.481976226551675,0.5047223814562369,0.728949375486731
microglia,parkinson,wang,BP,attention_zero_shot,annotated,27,27,184,0.18126147366128012,0.1652051468612462,0.10641187741857529,0.728949375486731,0.9645026180637657,0.06150229526620525,0.1129710518332635,0.23412568915542079,0.32422232018794417,0.3807519989672828,0.5355291406129722,0.5267993535198896,0.728949375486731
microglia,parkinson,wang,BP,ig_lora,all,30,28,184,0.16331332506266213,0.15793565831257836,0.10327185762363204,1.0,0.6096163191314844,0.0,0.09779262663784938,0.22364719922922688,0.29283591414512644,0.3423383411363751,0.4624618951337866,0.48836329711795684,1.0
microglia,parkinson,wang,BP,ig_lora,annotated,28,28,184,0.17497856256713798,0.16607221189567006,0.09687982901807915,1.0,0.7703545873498217,0.05909102842822546,0.11161340152405086,0.22967493111128998,0.29841634829661606,0.34608701140995224,0.4954948876433427,0.4933311773102773,1.0
microglia,parkinson,wang,BP,all_methods,all,60,55,184,0.1632243256789071,0.1560787491055861,0.10911747402234656,1.0,0.708931378229003,0.0,0.09399292807040219,0.22464776840307332,0.302715183708815,0.35608693669053265,0.4722190608427308,0.48836329711795684,1.0
microglia,parkinson,wang,BP,all_methods,annotated,55,55,184,0.17806290074062595,0.16574620151383895,0.101719436214785,1.0,0.8895777019162319,0.06007352550316998,0.11228304920171206,0.23183578059034296,0.3100534317785336,0.36128422280095485,0.5151480663738881,0.5001252136723856,1.0
oligodendrocytes,parkinson,wang,BP,attention_zero_shot,all,30,26,184,0.14714832883219855,0.14077143477422702,0.11372798153938907,1.0,0.904516682286972,0.0,0.059328831753926885,0.21286936480392527,0.28924613384866615,0.34646044892349687,0.47914858837198576,0.5048632119383472,1.0
oligodendrocytes,parkinson,wang,BP,attention_zero_shot,annotated,26,26,184,0.16978653326792142,0.15845682194122246,0.10526274727051793,1.0,1.0813936941271682,0.048704908076741216,0.09781050835370461,0.225158763008376,0.3040076367665544,0.3612197601737624,0.5528637558138297,0.5249468905004151,1.0
oligodendrocytes,parkinson,wang,BP,ig_lora,all,30,29,184,0.17873158538775433,0.17085768261303108,0.10462886367365899,0.6950305658818614,0.47671821455292573,0.04727570145283521,0.10806194369750392,0.24203003832879927,0.3162284765805883,0.3619489107504162,0.47517901195647144,0.49765246435718624,0.6950305658818614
oligodendrocytes,parkinson,wang,BP,ig_lora,annotated,29,29,184,0.18489474350457347,0.1746215401401201,0.10092151999976037,0.6950305658818614,0.5576295440203597,0.06303605613866431,0.11526875042667936,0.24532014673350286,0.3189953904892677,0.36328737471747574,0.49156449512738426,0.4976679234820498,0.6950305658818614
oligodendrocytes,parkinson,wang,BP,all_methods,all,60,55,184,0.16293995710997644,0.15719312208747602,0.11040834195383918,1.0,0.6621752283444378,0.0,0.0862446591987805,0.22851353297373106,0.30590467351217554,0.35611320979291006,0.4771638001642286,0.49945926973252186,1.0
oligodendrocytes,parkinson,wang,BP,all_methods,annotated,55,55,184,0.17775268048361068,0.16693842958676153,0.10327237135659881,1.0,0.806508748783411,0.05475687456524508,0.1067139664447573,0.23630160107195539,0.3124476648177049,0.36278818956241654,0.5205423274518859,0.5084758078937004,1.0
astrocytes,parkinson,lin,CC,attention_zero_shot,all,30,28,184,0.3282277348807779,0.25897924648868453,0.24341625113372564,1.0,0.5540257608204806,0.07746419208759121,0.12018261417639538,0.5294257573008097,0.6880582041507343,0.765126448569015,0.8425220611402008,0.8982290443167579,1.0
astrocytes,parkinson,lin,CC,attention_zero_shot,annotated,28,28,184,0.3516725730865478,0.29186016712830076,0.23502938686410843,1.0,0.5537391908674711,0.0965411972396666,0.13977587089672666,0.5452432393034503,0.697855898659199,0.7712000829080987,0.9027022083645007,0.9094453739561495,1.0
astrocytes,parkinson,lin,CC,ig_lora,all,30,30,184,0.3291619626368197,0.2624193773103959,0.2232179606950504,1.0,0.6646201990037743,0.09387603156622058,0.1288004380202581,0.5046381702645935,0.6616968350505551,0.7435676665261257,0.9028457030976341,0.9145742596967323,1.0
astrocytes,parkinson,lin,CC,ig_lora,annotated,30,30,184,0.3291619626368197,0.2624193773103959,0.2232179606950504,1.0,0.6646201990037743,0.09387603156622058,0.1288004380202581,0.5046381702645935,0.6616968350505551,0.7435676665261257,0.9028457030976341,0.9145742596967323,1.0
astrocytes,parkinson,lin,CC,all_methods,all,60,58,184,0.3286948487587988,0.26144694446131167,0.23353604184751028,1.0,0.603342730273853,0.08826906289173128,0.12427710375299976,0.5165811982087425,0.6736625567450059,0.754837832289072,0.8726838821189175,0.9083836560478205,1.0
astrocytes,parkinson,lin,CC,all_methods,annotated,58,58,184,0.34002915388841254,0.27427147876399777,0.2292722108928469,1.0,0.6128003270179622,0.09499824177698378,0.13385606000692107,0.5238873852494901,0.6785951141884129,0.7577978787573763,0.9027764297781905,0.9107608723947351,1.0
da_neurons,parkinson,lin,CC,attention_zero_shot,all,30,30,184,0.33838195422666495,0.27815108562813484,0.23894649304205764,1.0,0.5720054738767336,0.08417726822706983,0.120290546238212,0.5349039511664013,0.6825566966509441,0.763509589916708,0.8954385474085286,0.9423469824637033,1.0
da_neurons,parkinson,lin,CC,attention_zero_shot,annotated,30,30,184,0.33838195422666495,0.27815108562813484,0.23894649304205764,1.0,0.5720054738767336,0.08417726822706983,0.120290546238212,0.5349039511664013,0.6825566966509441,0.763509589916708,0.8954385474085286,0.9423469824637033,1.0
da_neurons,parkinson,lin,CC,ig_lora,all,30,30,184,0.35823740876487914,0.3318058980388585,0.22120085684131605,1.0,0.4029311655976684,0.09658062912473828,0.15014479483975293,0.5335302839100139,0.6653387007327181,0.7423413024280531,0.9138780157992951,0.9334208873889109,1.0
da_neurons,parkinson,lin,CC,ig_lora,annotated,30,30,184,0.35823740876487914,0.3318058980388585,0.22120085684131605,1.0,0.4029311655976684,0.09658062912473828,0.15014479483975293,0.5335302839100139,0.6653387007327181,0.7423413024280531,0.9138780157992951,0.9334208873889109,1.0
da_neurons,parkinson,lin,CC,all_methods,all,60,60,184,0.34830968149577207,0.30959246816940456,0.2304586352709419,1.0,0.48699553341875657,0.09010307379522868,0.12936892853713414,0.534411226597225,0.6738507333914215,0.7535628076565551,0.9046582816039119,0.9359398459517725,1.0
da_neurons,parkinson,lin,CC,all_methods,annotated,60,60,184,0.34830968149577207,0.30959246816940456,0.2304586352709419,1.0,0.48699553341875657,0.09010307379522868,0.12936892853713414,0.534411226597225,0.6738507333914215,0.7535628076565551,0.9046582816039119,0.9359398459517725,1.0
microglia,parkinson,lin,CC,attention_zero_shot,all,30,28,184,0.3069598304187859,0.24518217257884,0.2300928663569721,1.0,0.6563926963339047,0.07440348463590492,0.11832347995336609,0.48097388609913083,0.6544418393743694,0.7359870214229224,0.8084181180041203,0.9211745183671243,1.0
microglia,parkinson,lin,CC,attention_zero_shot,annotated,28,28,184,0.3288855325915563,0.2735952598432491,0.22251585174897656,1.0,0.6685461106252064,0.09008344068653726,0.13452405638855092,0.496807786106064,0.6608750939153395,0.7419180487885156,0.866162269290129,0.9227977914830288,1.0
microglia,parkinson,lin,CC,ig_lora,all,30,30,184,0.3427782560714295,0.29521827325242755,0.2152579897137693,1.0,0.5401894067561338,0.09956618314577656,0.15271158749297714,0.5109432410988554,0.6513627679173086,0.7279966153887253,0.8823525922035844,0.9204746634222423,1.0
microglia,parkinson,lin,CC,ig_lora,annotated,30,30,184,0.3427782560714295,0.29521827325242755,0.2152579897137693,1.0,0.5401894067561338,0.09956618314577656,0.15271158749297714,0.5109432410988554,0.6513627679173086,0.7279966153887253,0.8823525922035844,0.9204746634222423,1.0
microglia,parkinson,lin,CC,all_methods,all,60,58,184,0.3248690432451077,0.2738587744725573,0.2235175710006907,1.0,0.5833725937165833,0.08539093900046367,0.1320087926687487,0.49701942127656246,0.6533506703147335,0.7309659898603175,0.8453853551038524,0.9211745183671243,1.0
microglia,parkinson,lin,CC,all_methods,annotated,58,58,184,0.33607142404666307,0.28457836415972465,0.21890195682789795,1.0,0.6015277262634887,0.09461154927724784,0.14168716004353352,0.5047881494880172,0.6572820418803673,0.7352420021343813,0.8745365742453646,0.921499961937426,1.0
oligodendrocytes,parkinson,lin,CC,attention_zero_shot,all,30,30,184,0.30039819706206417,0.22738768956230743,0.2247049269751561,1.0,0.8596500218053125,0.08117749362280365,0.10698041640921954,0.46683420478605503,0.634434839262157,0.7307246085649959,0.9002910223352428,0.9566375286234785,1.0
oligodendrocytes,parkinson,lin,CC,attention_zero_shot,annotated,30,30,184,0.30039819706206417,0.22738768956230743,0.2247049269751561,1.0,0.8596500218053125,0.08117749362280365,0.10698041640921954,0.46683420478605503,0.634434839262157,0.7307246085649959,0.9002910223352428,0.9566375286234785,1.0
oligodendrocytes,parkinson,lin,CC,ig_lora,all,30,30,184,0.3343803300769189,0.27147573852385376,0.22730486189708707,1.0,0.6609156150165365,0.09199460802742486,0.1299464496236476,0.5052430301017125,0.6696337778843785,0.7578251908633735,0.9159606624103259,0.926391349120196,1.0
oligodendrocytes,parkinson,lin,CC,ig_lora,annotated,30,30,184,0.3343803300769189,0.27147573852385376,0.22730486189708707,1.0,0.6609156150165365,0.09199460802742486,0.1299464496236476,0.5052430301017125,0.6696337778843785,0.7578251908633735,0.9159606624103259,0.926391349120196,1.0
oligodendrocytes,parkinson,lin,CC,all_methods,all,60,60,184,0.3173892635694915,0.24862813261069755,0.22664641749990633,1.0,0.7547924083670703,0.08663205901325567,0.11761886587591935,0.48750115248354886,0.6543165736045373,0.7455101754845603,0.9081258423727844,0.9407710475080957,1.0
oligodendrocytes,parkinson,lin,CC,all_methods,annotated,60,60,184,0.3173892635694915,0.24862813261069755,0.22664641749990633,1.0,0.7547924083670703,0.08663205901325567,0.11761886587591935,0.48750115248354886,0.6543165736045373,0.7455101754845603,0.9081258423727844,0.9407710475080957,1.0
astrocytes,parkinson,SimRel,CC,attention_zero_shot,all,30,28,184,0.22759222816921407,0.15442766539044528,0.2142410475663738,0.9302200607249377,0.7303769977053615,0.015635041474313178,0.0254913045285955,0.39803833580845943,0.5518732041511034,0.6263742651356051,0.720763251978765,0.7346694556118347,0.9302200607249377
astrocytes,parkinson,SimRel,CC,attention_zero_shot,annotated,28,28,184,0.24384881589558652,0.1825065295577355,0.21263488182948684,0.9302200607249377,0.6581954393949566,0.019597882460654123,0.0443717895283929,0.41220997587747304,0.5620898384223361,0.6321757227378093,0.7722463414058197,0.7453724702109239,0.9302200607249377
astrocytes,parkinson,SimRel,CC,ig_lora,all,30,30,184,0.22798613306505933,0.15800591809730954,0.2043435873641555,0.9593300297856777,0.7950011731165778,0.01914316426390299,0.03721838757606551,0.38404873023592356,0.5344501633202765,0.60488873394267,0.7902655545177552,0.7816289924373829,0.9593300297856777
astrocytes,parkinson,SimRel,CC,ig_lora,annotated,30,30,184,0.22798613306505933,0.15800591809730954,0.2043435873641555,0.9593300297856777,0.7950011731165778,0.01914316426390299,0.03721838757606551,0.38404873023592356,0.5344501633202765,0.60488873394267,0.7902655545177552,0.7816289924373829,0.9593300297856777
astrocytes,parkinson,SimRel,CC,all_methods,all,60,58,184,0.2277891806171367,0.15686635747069172,0.209350908452439,0.9593300297856777,0.7609031026937789,0.017905188270653086,0.02868735641276183,0.39175727104634944,0.5431413088754998,0.6178596997187551,0.75551440324826,0.7510543178970922,0.9593300297856777
astrocytes,parkinson,SimRel,CC,all_methods,annotated,58,58,184,0.2356439799487621,0.1687971301886686,0.20853817454100584,0.9593300297856777,0.7282699551081221,0.0193289158551444,0.04092695397332172,0.39934009882837396,0.5472719328450101,0.620246411000094,0.7815666240499242,0.7620780168446346,0.9593300297856777
da_neurons,parkinson,SimRel,CC,attention_zero_shot,all,30,30,184,0.23375926821485257,0.17448819433476068,0.21520082333058455,0.9513495176935272,0.7071777888510967,0.017619748093901405,0.02627412733020532,0.4021812375209469,0.5443236747608748,0.6302877249020002,0.7802833272360274,0.791470281584973,0.9513495176935272
da_neurons,parkinson,SimRel,CC,attention_zero_shot,annotated,30,30,184,0.23375926821485257,0.17448819433476068,0.21520082333058455,0.9513495176935272,0.7071777888510967,0.017619748093901405,0.02627412733020532,0.4021812375209469,0.5443236747608748,0.6302877249020002,0.7802833272360274,0.791470281584973,0.9513495176935272
da_neurons,parkinson,SimRel,CC,ig_lora,all,30,30,184,0.25143680031520604,0.22273708660178096,0.2004349965063621,0.9593300297856777,0.5593897556998508,0.01989344130599887,0.06452720336773476,0.4059631139166462,0.5316946756614891,0.6014712769428365,0.8018883651986048,0.8023519387068878,0.9593300297856777
da_neurons,parkinson,SimRel,CC,ig_lora,annotated,30,30,184,0.25143680031520604,0.22273708660178096,0.2004349965063621,0.9593300297856777,0.5593897556998508,0.01989344130599887,0.06452720336773476,0.4059631139166462,0.5316946756614891,0.6014712769428365,0.8018883651986048,0.8023519387068878,0.9593300297856777
da_neurons,parkinson,SimRel,CC,all_methods,all,60,60,184,0.2425980342650293,0.20073749631542023,0.20813676964588257,0.9593300297856777,0.6315829247147176,0.018586238930140626,0.033525016079336147,0.4042015150869305,0.5370362586167582,0.617421093636575,0.7910858462173161,0.7923730739469255,0.9593300297856777
da_neurons,parkinson,SimRel,CC,all_methods,annotated,60,60,184,0.2425980342650293,0.20073749631542023,0.20813676964588257,0.9593300297856777,0.6315829247147176,0.018586238930140626,0.033525016079336147,0.4042015150869305,0.5370362586167582,0.617421093636575,0.7910858462173161,0.7923730739469255,0.9593300297856777
microglia,parkinson,SimRel,CC,attention_zero_shot,all,30,28,184,0.21196504401307537,0.146341975332194,0.20042220181820103,0.9346878512595131,0.8671827602055664,0.015058965680388095,0.028453272115640364,0.3534081108434747,0.5108629240642065,0.5940256593218645,0.7071004855015776,0.7824863629979317,0.9346878512595131
microglia,parkinson,SimRel,CC,attention_zero_shot,annotated,28,28,184,0.22710540429972362,0.17082327033630118,0.19899703474223598,0.9346878512595131,0.806862377880998,0.01860160484734573,0.05395542578307157,0.3697549223302912,0.5167439154100432,0.6020675145398358,0.7576076630374045,0.798189424812215,0.9346878512595131
microglia,parkinson,SimRel,CC,ig_lora,all,30,30,184,0.24126147579013965,0.19690226989927065,0.19644828261105324,0.9593300297856777,0.689384900185579,0.02108482142921698,0.07085467946216452,0.387129488625335,0.5240647235081631,0.6024847356115463,0.7816750292334691,0.8052447715392743,0.9593300297856777
microglia,parkinson,SimRel,CC,ig_lora,annotated,30,30,184,0.24126147579013965,0.19690226989927065,0.19644828261105324,0.9593300297856777,0.689384900185579,0.02108482142921698,0.07085467946216452,0.387129488625335,0.5240647235081631,0.6024847356115463,0.7816750292334691,0.8052447715392743,0.9593300297856777
microglia,parkinson,SimRel,CC,all_methods,all,60,58,184,0.22661325990160755,0.17203154483818772,0.19898508383786215,0.9593300297856777,0.7703322831487246,0.017625890723280756,0.049570763271022,0.37270963128550344,0.5170224321601539,0.5979724272688465,0.7443877573675234,0.7954119200901109,0.9593300297856777
microglia,parkinson,SimRel,CC,all_methods,annotated,58,58,184,0.23442751024304231,0.18449615467746855,0.19780934092794028,0.9593300297856777,0.7444626777134911,0.019879758491181107,0.061118586654991744,0.3793353393574994,0.5208410787062161,0.6024905571563771,0.7700563007250241,0.8009653177791651,0.9593300297856777
oligodendrocytes,parkinson,SimRel,CC,attention_zero_shot,all,30,30,184,0.20349951736842042,0.13155635493773607,0.20322444911743742,0.9346878512595131,1.0021324508056264,0.016486816023948615,0.02332493467220561,0.34717688740066777,0.5051743263620254,0.5954033812701163,0.7854014348053041,0.7967058064862831,0.9346878512595131
oligodendrocytes,parkinson,SimRel,CC,attention_zero_shot,annotated,30,30,184,0.20349951736842042,0.13155635493773607,0.20322444911743742,0.9346878512595131,1.0021324508056264,0.016486816023948615,0.02332493467220561,0.34717688740066777,0.5051743263620254,0.5954033812701163,0.7854014348053041,0.7967058064862831,0.9346878512595131
oligodendrocytes,parkinson,SimRel,CC,ig_lora,all,30,30,184,0.23401388347977195,0.16748418503928386,0.20884653618531324,0.9425185878957005,0.819327397406125,0.018653905218075723,0.045289321021853735,0.38465468759188903,0.5407292464993064,0.6325943326898855,0.8153887010554812,0.8157828195606787,0.9425185878957005
oligodendrocytes,parkinson,SimRel,CC,ig_lora,annotated,30,30,184,0.23401388347977195,0.16748418503928386,0.20884653618531324,0.9425185878957005,0.819327397406125,0.018653905218075723,0.045289321021853735,0.38465468759188903,0.5407292464993064,0.6325943326898855,0.8153887010554812,0.8157828195606787,0.9425185878957005
oligodendrocytes,parkinson,SimRel,CC,all_methods,all,60,60,184,0.21875670042409623,0.14914524782626742,0.2066187499542068,0.9425185878957005,0.9058442819789105,0.0176868423135664,0.025739651924070826,0.3656536068544961,0.5237763352708835,0.6155343762987223,0.8003950679303924,0.813747646367777,0.9425185878957005
oligodendrocytes,parkinson,SimRel,CC,all_methods,annotated,60,60,184,0.21875670042409623,0.14914524782626742,0.2066187499542068,0.9425185878957005,0.9058442819789105,0.0176868423135664,0.025739651924070826,0.3656536068544961,0.5237763352708835,0.6155343762987223,0.8003950679303924,0.813747646367777,0.9425185878957005
astrocytes,parkinson,wang,CC,attention_zero_shot,all,30,28,184,0.4334991299146216,0.4258294299133142,0.23010292235660137,1.0,0.0006849932738865368,0.14663678861030555,0.27841757304113957,0.5976315183879111,0.7538326892834131,0.8164573748163805,0.8645781796016144,0.9225787914623343,1.0
astrocytes,parkinson,wang,CC,attention_zero_shot,annotated,28,28,184,0.46446335347995166,0.44608103331851623,0.20578523193315187,1.0,0.21393288665904675,0.2155945083572346,0.30464742017593666,0.6133668055226495,0.7605924848306239,0.823269048263317,0.9263337638588726,0.9255689649523045,1.0
astrocytes,parkinson,wang,CC,ig_lora,all,30,30,184,0.46406235613908897,0.4509483189167339,0.18930886550203735,1.0,0.1727708726088589,0.23523902626031365,0.32573764976351816,0.5909759228071003,0.7249029936431508,0.7922847093797952,0.9232512340382091,0.9408702611440687,1.0
astrocytes,parkinson,wang,CC,ig_lora,annotated,30,30,184,0.46406235613908897,0.4509483189167339,0.18930886550203735,1.0,0.1727708726088589,0.23523902626031365,0.32573764976351816,0.5909759228071003,0.7249029936431508,0.7922847093797952,0.9232512340382091,0.9408702611440687,1.0
astrocytes,parkinson,wang,CC,all_methods,all,60,58,184,0.4487807430268553,0.43911048404281494,0.21124897258133657,1.0,0.021009014839960226,0.1890964835638718,0.3032768360249354,0.5937232670827453,0.7415780001628195,0.8047357600896118,0.8939147068199115,0.9255689649523045,1.0
astrocytes,parkinson,wang,CC,all_methods,annotated,58,58,184,0.4642559410622641,0.44864482181593424,0.1974348191276924,1.0,0.19597644124438252,0.2255250799228015,0.3165547387839097,0.6006550696635258,0.7447708314892766,0.807625147536453,0.9247393518826672,0.9334765758265439,1.0
da_neurons,parkinson,wang,CC,attention_zero_shot,all,30,30,184,0.44670058339040797,0.4304493481834154,0.20701829377462075,1.0,0.2459089222147285,0.1825524491481649,0.29686959585994177,0.5862683033397149,0.7368668838694235,0.8102135928654367,0.9136623795760547,0.9448720568790936,1.0
da_neurons,parkinson,wang,CC,attention_zero_shot,annotated,30,30,184,0.44670058339040797,0.4304493481834154,0.20701829377462075,1.0,0.2459089222147285,0.1825524491481649,0.29686959585994177,0.5862683033397149,0.7368668838694235,0.8102135928654367,0.9136623795760547,0.9448720568790936,1.0
da_neurons,parkinson,wang,CC,ig_lora,all,30,30,184,0.4879183561083164,0.48432826744685664,0.18162391745390732,1.0,0.015064030073863928,0.26023006604347376,0.3629876649647763,0.6107989029119884,0.7324585005340521,0.790156964457495,0.9341529810379263,0.9558726679695935,1.0
da_neurons,parkinson,wang,CC,ig_lora,annotated,30,30,184,0.4879183561083164,0.48432826744685664,0.18162391745390732,1.0,0.015064030073863928,0.26023006604347376,0.3629876649647763,0.6107989029119884,0.7324585005340521,0.790156964457495,0.9341529810379263,0.9558726679695935,1.0
da_neurons,parkinson,wang,CC,all_methods,all,60,60,184,0.46730946974936216,0.4620640753318813,0.1958229732980422,1.0,0.11065113640214609,0.218271063866195,0.3266045542068251,0.6014161804194137,0.735161900915461,0.8003583102857089,0.9239076803069906,0.9456842453001871,1.0
da_neurons,parkinson,wang,CC,all_methods,annotated,60,60,184,0.46730946974936216,0.4620640753318813,0.1958229732980422,1.0,0.11065113640214609,0.218271063866195,0.3266045542068251,0.6014161804194137,0.735161900915461,0.8003583102857089,0.9239076803069906,0.9456842453001871,1.0
microglia,parkinson,wang,CC,attention_zero_shot,all,30,28,184,0.40511373717041677,0.39775968024100683,0.21728644576291764,1.0,0.06498330803847593,0.1351587989947977,0.26209934359927695,0.5535378681836346,0.6942917669844886,0.7794233062532899,0.8203387348046773,0.9258627740873251,1.0
microglia,parkinson,wang,CC,attention_zero_shot,annotated,28,28,184,0.4340504326825894,0.4165800233389655,0.19500205123092204,1.0,0.2883337219257311,0.1890585657271781,0.2922647743955199,0.5664050192519349,0.7014341210471227,0.7835973965200201,0.8789343587192973,0.9357479963399493,1.0
microglia,parkinson,wang,CC,ig_lora,all,30,30,184,0.4601790789389363,0.4471097744463471,0.1811967308839047,1.0,0.1703431852805479,0.2463166514073966,0.32928456418528373,0.5803408386170397,0.7081253102969938,0.7775546240699329,0.9095054346826749,0.9408702611440687,1.0
microglia,parkinson,wang,CC,ig_lora,annotated,30,30,184,0.4601790789389363,0.4471097744463471,0.1811967308839047,1.0,0.1703431852805479,0.2463166514073966,0.32928456418528373,0.5803408386170397,0.7081253102969938,0.7775546240699329,0.9095054346826749,0.9408702611440687,1.0
microglia,parkinson,wang,CC,all_methods,all,60,58,184,0.4326464080546766,0.4254013311793253,0.20194275268914388,1.0,0.029882394714849967,0.18223082319723774,0.2987263442743999,0.5672235989848207,0.7009176170545173,0.7776485366867001,0.8649220847436762,0.9357479963399493,1.0
microglia,parkinson,wang,CC,all_methods,annotated,58,58,184,0.4475652497117344,0.4343039761139925,0.1884408590341374,1.0,0.2173657831356149,0.2181714878816921,0.31184659482974314,0.5739140453503088,0.7064447072750758,0.7801413230341404,0.8947469842175961,0.9380164840403832,1.0
oligodendrocytes,parkinson,wang,CC,attention_zero_shot,all,30,30,184,0.41588493506411606,0.38594328991043425,0.1932300316896138,1.0,0.4587497804313761,0.18876303297817523,0.27438913906230966,0.5542192297572226,0.677912232943411,0.7561744543029594,0.906245694442301,0.9584183265924799,1.0
oligodendrocytes,parkinson,wang,CC,attention_zero_shot,annotated,30,30,184,0.41588493506411606,0.38594328991043425,0.1932300316896138,1.0,0.4587497804313761,0.18876303297817523,0.27438913906230966,0.5542192297572226,0.677912232943411,0.7561744543029594,0.906245694442301,0.9584183265924799,1.0
oligodendrocytes,parkinson,wang,CC,ig_lora,all,30,30,184,0.46611014429714764,0.4555712869951206,0.1908598979439948,1.0,0.22310913474915578,0.2379458933235819,0.3243481266416666,0.591472593189607,0.731073451437616,0.8047629219593608,0.9311431304249536,0.9462111791145118,1.0
oligodendrocytes,parkinson,wang,CC,ig_lora,annotated,30,30,184,0.46611014429714764,0.4555712869951206,0.1908598979439948,1.0,0.22310913474915578,0.2379458933235819,0.3243481266416666,0.591472593189607,0.731073451437616,0.8047629219593608,0.9311431304249536,0.9462111791145118,1.0
oligodendrocytes,parkinson,wang,CC,all_methods,all,60,60,184,0.44099753968063177,0.42243761360928006,0.19368354552105368,1.0,0.329794143920117,0.20889896133786245,0.2979538077720329,0.5739128970526133,0.7065951898433468,0.7872376261409519,0.9186944124336273,0.9556269666616117,1.0
oligodendrocytes,parkinson,wang,CC,all_methods,annotated,60,60,184,0.44099753968063177,0.42243761360928006,0.19368354552105368,1.0,0.329794143920117,0.20889896133786245,0.2979538077720329,0.5739128970526133,0.7065951898433468,0.7872376261409519,0.9186944124336273,0.9556269666616117,1.0
astrocytes,parkinson,lin,MF,attention_zero_shot,all,30,27,184,0.38561946333939184,0.3721268356565663,0.3037387433196617,1.0,0.15899795321676313,0.0,0.07542493475200238,0.6583139403922582,0.8150015274225129,0.8527213433566349,0.8091075258470954,0.9403850327391291,1.0
astrocytes,parkinson,lin,MF,attention_zero_shot,annotated,27,27,184,0.4284660703771021,0.4291011142639396,0.29008569343406815,1.0,0.01747805827895833,0.0,0.16356281992598465,0.6831832202684007,0.820865174064709,0.8588989076268094,0.8990083620523281,0.9452035857800107,1.0
astrocytes,parkinson,lin,MF,ig_lora,all,30,29,184,0.4240655743700515,0.4175147121721383,0.31715131574490674,1.0,0.0695603832024084,0.0,0.12039687658232881,0.7163451856975186,0.8492866789087544,0.902240852147017,0.8827168752020516,0.9487667487146683,1.0
astrocytes,parkinson,lin,MF,ig_lora,annotated,29,29,184,0.4386885252103981,0.4420991451855285,0.3124715717248016,1.0,0.020937691993100412,0.0,0.14602607922173377,0.7242138002924035,0.8520021025300679,0.9045568974943133,0.9131553881400534,0.9524195628527733,1.0
astrocytes,parkinson,lin,MF,all_methods,all,60,56,184,0.4048425188547216,0.38844363433084533,0.3111119035000299,1.0,0.11879916725072755,0.0,0.09823413708791406,0.6854732832145805,0.8282823121671952,0.8794348030454997,0.8459122005245735,0.9444298592124082,1.0
astrocytes,parkinson,lin,MF,all_methods,annotated,56,56,184,0.4337598416300589,0.4325971356095125,0.30192889662346006,1.0,0.023244487342119213,0.0,0.15395904045211936,0.7027310721858079,0.8343552268287825,0.8836923239706848,0.906334500562043,0.9481581999676512,1.0
da_neurons,parkinson,lin,MF,attention_zero_shot,all,30,28,184,0.37922486707482256,0.35483110181584065,0.3026700956262077,0.9918236048941029,0.21849511035872823,0.0,0.07597972246581827,0.6402624650356115,0.8156520556042284,0.8746377234869344,0.8418037551640869,0.92420597502805,0.9918236048941029
da_neurons,parkinson,lin,MF,attention_zero_shot,annotated,28,28,184,0.40631235758016704,0.39018125851849345,0.29520622960924275,0.9918236048941029,0.1276862172095385,0.0,0.14103228108128787,0.6580868293448703,0.8233585435907549,0.879151569354185,0.9019325948186644,0.9260563991235607,0.9918236048941029
da_neurons,parkinson,lin,MF,ig_lora,all,30,29,184,0.4335637275452547,0.4284209398706098,0.3228541972280673,1.0,0.062292369570523844,0.0,0.1261858330323512,0.7368935115185667,0.8703464219051567,0.9160759145965555,0.8750641181191081,0.9538410183289745,1.0
da_neurons,parkinson,lin,MF,ig_lora,annotated,29,29,184,0.44851420090888416,0.452562873424537,0.31799943023318916,1.0,0.013684689341964535,0.0,0.14966917782627248,0.7452398139710943,0.8735755587577855,0.9168426300685381,0.905238742881836,0.9552624738051757,1.0
da_neurons,parkinson,lin,MF,all_methods,all,60,57,184,0.40639429731003857,0.38395142353849065,0.3141021930302064,1.0,0.14817480715490255,0.0,0.1028355757814278,0.6905709942786306,0.846548251550441,0.8979455171753823,0.8584339366415976,0.9444298592124082,1.0
da_neurons,parkinson,lin,MF,all_methods,annotated,57,57,184,0.42778347085267215,0.4167240127274454,0.30773835351768003,1.0,0.07821390508955996,0.0,0.14597582781003818,0.7056946663164492,0.8522261002256188,0.9000213892918616,0.90361467014905,0.9481942289063064,1.0
microglia,parkinson,lin,MF,attention_zero_shot,all,30,28,184,0.3866600124270894,0.3601699277942908,0.3094207812930034,1.0,0.2313124555129305,0.0,0.06614384281758146,0.6494052235254698,0.8429956555223983,0.8967157907349602,0.8551120532865395,0.9366908487850946,1.0
microglia,parkinson,lin,MF,attention_zero_shot,annotated,28,28,184,0.4142785847433101,0.3926647136122409,0.3018908667187135,1.0,0.14169999405404995,0.0,0.1552814974787386,0.6740584751961571,0.8504482638084243,0.898996977779396,0.9161914856641495,0.9439076737153977,1.0
microglia,parkinson,lin,MF,ig_lora,all,30,30,184,0.4098880301297491,0.4166967379405977,0.3145387965179591,1.0,0.08540362966500765,0.0,0.093452522852218,0.6901805842934267,0.836570843999212,0.8871657388544445,0.9194791861502177,0.9570383624020801,1.0
microglia,parkinson,lin,MF,ig_lora,annotated,30,30,184,0.4098880301297491,0.4166967379405977,0.3145387965179591,1.0,0.08540362966500765,0.0,0.093452522852218,0.6901805842934267,0.836570843999212,0.8871657388544445,0.9194791861502177,0.9570383624020801,1.0
microglia,parkinson,lin,MF,all_methods,all,60,58,184,0.3982740212784193,0.38351608467932036,0.31220637790901734,1.0,0.15808216418278573,0.0,0.08473966757535119,0.6756340590271606,0.8389053034751204,0.8921628542679593,0.8872956197183784,0.951862010834858,1.0
microglia,parkinson,lin,MF,all_methods,annotated,58,58,184,0.41200760821905436,0.4042507380660953,0.30850544874690444,1.0,0.1100441906289253,0.0,0.11411725592246381,0.6843686981636506,0.8423721629637141,0.8935548459013524,0.9178920203983227,0.9536223069135646,1.0
oligodendrocytes,parkinson,lin,MF,attention_zero_shot,all,30,28,184,0.3152509926183252,0.22662658899951016,0.3002357323043751,1.0,0.6098432290148625,0.0,0.01699529564887493,0.5590680875277357,0.7950114855794264,0.8717765530616032,0.8058464046036231,0.8874048977749517,1.0
oligodendrocytes,parkinson,lin,MF,attention_zero_shot,annotated,28,28,184,0.3377689206624913,0.26042690985971245,0.2982856297447004,1.0,0.5237216716186217,0.0,0.061398968909482585,0.5813577693137694,0.8020658295617797,0.8754619372538168,0.8634068620753105,0.9080063184401459,1.0
oligodendrocytes,parkinson,lin,MF,ig_lora,all,30,29,184,0.41284286604393006,0.413425640622647,0.3091128101275529,1.0,0.09326445145836607,0.0,0.10373956712907903,0.6860975598237318,0.8342178711110066,0.886213883373572,0.8505778186511418,0.9351762261631202,1.0
oligodendrocytes,parkinson,lin,MF,ig_lora,annotated,29,29,184,0.4270788269419966,0.43520784357258147,0.3045746290182856,1.0,0.04641088975931734,0.0,0.12931479659865824,0.6955725642446393,0.8372645105520962,0.8881611160776999,0.8799080882598019,0.943745783848253,1.0
oligodendrocytes,parkinson,lin,MF,all_methods,all,60,57,184,0.36404692933112764,0.30847595437422354,0.3085889751892123,1.0,0.3411672060993028,0.0,0.0624909840674455,0.6414643949580144,0.8162678032452869,0.8791898303378137,0.8282121116273825,0.9192349080278734,1.0
oligodendrocytes,parkinson,lin,MF,all_methods,annotated,57,57,184,0.3832072940327659,0.33563285541772103,0.30478963180637497,1.0,0.2735648953326759,0.0,0.09437919383115441,0.6556374741144386,0.822185282865559,0.8824213703340124,0.8718022227656658,0.9266066684779874,1.0
astrocytes,parkinson,SimRel,MF,attention_zero_shot,all,30,27,184,0.21014091508536953,0.21100907833876942,0.17028246914814793,0.9080709132447715,0.20385239295601204,0.0,0.02256757359008757,0.35824063545436363,0.43311207732397455,0.4626801567436298,0.5417101528865521,0.5400993359628682,0.9080709132447715
astrocytes,parkinson,SimRel,MF,attention_zero_shot,annotated,27,27,184,0.23348990565041056,0.24282743893974884,0.16360365744190905,0.9080709132447715,0.05978915677031623,0.0,0.07380269712587129,0.3732300557096981,0.43775621793755304,0.4663460508684796,0.6019001698739468,0.5513070406125521,0.9080709132447715
astrocytes,parkinson,SimRel,MF,ig_lora,all,30,29,184,0.2252704451625891,0.22662096959645772,0.17313193797323692,0.9179058337180961,0.12787505429641824,0.0,0.045341689378823616,0.37984562413954065,0.4483771052836948,0.47678125738167565,0.5884550300194985,0.5644533278288939,0.9179058337180961
astrocytes,parkinson,SimRel,MF,ig_lora,annotated,29,29,184,0.23303839154750597,0.24206007543387967,0.17087436160738226,0.9179058337180961,0.0801337402642694,0.0,0.05860297842851248,0.383832241384388,0.45017250331873915,0.4782327877895969,0.6087465827787916,0.5684495010098892,0.9179058337180961
astrocytes,parkinson,SimRel,MF,all_methods,all,60,56,184,0.21770568012397928,0.21824426927912335,0.1718796651523057,0.9179058337180961,0.166643029111186,0.0,0.034317631562206345,0.3703119585075453,0.4409547531098337,0.47122086887926745,0.5650825914530253,0.5511095091021538,0.9179058337180961
astrocytes,parkinson,SimRel,MF,all_methods,annotated,56,56,184,0.2332560858471207,0.24243781981608878,0.16740842157102456,0.9179058337180961,0.0708594691648963,0.0,0.06493981764167511,0.37934707847421906,0.4441987918247879,0.4737639096323454,0.6054456336996701,0.5560406066979077,0.9179058337180961
da_neurons,parkinson,SimRel,MF,attention_zero_shot,all,30,28,184,0.20795312287094728,0.20135443662884245,0.17146408590986875,0.8928398375122557,0.35928423598588044,0.0,0.025757304381148163,0.35090502950653907,0.4339328543396367,0.46706704849546693,0.6202155157701645,0.6300840641321453,0.8928398375122557
da_neurons,parkinson,SimRel,MF,attention_zero_shot,annotated,28,28,184,0.22280691736172922,0.2204883217692646,0.16789996960158451,0.8928398375122557,0.2796006868885987,0.0,0.06035612024009808,0.3592731937510069,0.4381280125929277,0.4693807884822436,0.664516624039462,0.6659409884379223,0.8928398375122557
da_neurons,parkinson,SimRel,MF,ig_lora,all,30,29,184,0.23121825181145175,0.23959787520076756,0.1748531944442307,0.9179058337180961,0.07228305612383024,0.0,0.04874320250612408,0.39225762398849007,0.45584116208137615,0.4767042486486262,0.566720276449809,0.5509313897737265,0.9179058337180961
da_neurons,parkinson,SimRel,MF,ig_lora,annotated,29,29,184,0.23919129497736394,0.25109066041960604,0.17239727527522955,0.9179058337180961,0.022364998155251566,0.0,0.06375906768543285,0.39591188517683307,0.4570600501911629,0.4776052578123674,0.5862623549480784,0.5513070406125521,0.9179058337180961
da_neurons,parkinson,SimRel,MF,all_methods,all,60,57,184,0.21958568734119954,0.21770671892070295,0.17355720307231265,0.9179058337180961,0.21409530673159727,0.0,0.03884216146499985,0.37283719604769205,0.44717348089470527,0.4737646174166206,0.5934678961099867,0.5775012799021626,0.9179058337180961
da_neurons,parkinson,SimRel,MF,all_methods,annotated,57,57,184,0.23114282878021,0.23467540645968854,0.1703999008268163,0.9179058337180961,0.14697031119883555,0.0,0.06289547844725853,0.37893845269589777,0.4494448094457464,0.47513380380517234,0.6247030485368281,0.5853823358616524,0.9179058337180961
microglia,parkinson,SimRel,MF,attention_zero_shot,all,30,28,184,0.20975814156921896,0.1965870620039567,0.17220258846147085,0.8547931062803037,0.3235874945321486,0.0,0.02273123401602878,0.3573980920613802,0.44513215255517147,0.4721509249660813,0.5958653113278636,0.6056647859935165,0.8547931062803037
microglia,parkinson,SimRel,MF,attention_zero_shot,annotated,28,28,184,0.2247408659670203,0.21685221602277496,0.16853671615928198,0.8547931062803037,0.24012427111968926,0.0,0.07113903332604443,0.3672791294412309,0.44863241433574796,0.4745793215257099,0.6384271192798538,0.6337272958278254,0.8547931062803037
microglia,parkinson,SimRel,MF,ig_lora,all,30,30,184,0.21593104882472253,0.22085115366420394,0.17000398056186286,0.973873687629655,0.1544463682564468,0.0,0.03532168501752105,0.3664634108035477,0.4389580320259561,0.4685824719262294,0.5973112486166396,0.553516893402638,0.973873687629655
microglia,parkinson,SimRel,MF,ig_lora,annotated,30,30,184,0.21593104882472253,0.22085115366420394,0.17000398056186286,0.973873687629655,0.1544463682564468,0.0,0.03532168501752105,0.3664634108035477,0.4389580320259561,0.4685824719262294,0.5973112486166396,0.553516893402638,0.973873687629655
microglia,parkinson,SimRel,MF,all_methods,all,60,58,184,0.21284459519697072,0.20935151456476797,0.1711346505996104,0.973873687629655,0.23984930531836596,0.0,0.031187119932385973,0.36255893137031003,0.44150840166352195,0.47051873795942184,0.5965882799722516,0.5760567582759804,0.973873687629655
microglia,parkinson,SimRel,MF,all_methods,annotated,58,58,184,0.2201840639968663,0.2187790796789622,0.169354461076138,0.973873687629655,0.19438597855694761,0.0,0.045295048142712874,0.36686896447040324,0.4431964112144219,0.47181648871470433,0.6171602896264672,0.5775012799021626,0.973873687629655
oligodendrocytes,parkinson,SimRel,MF,attention_zero_shot,all,30,28,184,0.1699190669337795,0.11353479562450586,0.169686115630735,0.9070934599074959,0.721753788780662,0.0,0.004876461363545968,0.30959277178034067,0.42073546667158496,0.46438369802973734,0.5946997072665259,0.5977757594830013,0.9070934599074959
oligodendrocytes,parkinson,SimRel,MF,attention_zero_shot,annotated,28,28,184,0.18205614314333518,0.13902441704248836,0.1692348025663139,0.9070934599074959,0.6362883781109829,0.0,0.019344487342359676,0.3234197185024932,0.4269779774248159,0.4671186277960846,0.6371782577855634,0.6116625359564303,0.9070934599074959
oligodendrocytes,parkinson,SimRel,MF,ig_lora,all,30,29,184,0.22287110324314752,0.23013320098715628,0.17167543687175288,0.8547931062803037,0.13740416720958368,0.0,0.03812433872642277,0.37197467931785644,0.44388460491172727,0.4744923181085987,0.5679645915506231,0.5575665974100095,0.8547931062803037
oligodendrocytes,parkinson,SimRel,MF,ig_lora,annotated,29,29,184,0.23055631369980778,0.24404317240050127,0.16946053642512748,0.8547931062803037,0.09008616657569417,0.0,0.05508095904404964,0.37629238544980703,0.4457989768323003,0.4751709714670294,0.5875495774661618,0.5612060496032174,0.8547931062803037
oligodendrocytes,parkinson,SimRel,MF,all_methods,all,60,57,184,0.19639508508846348,0.17059795522979518,0.17272491502039983,0.9070934599074959,0.41485394367958045,0.0,0.0189148526184168,0.34905827409077766,0.4351160945756819,0.4700780037339039,0.5813321494085745,0.5764443831965351,0.9070934599074959
oligodendrocytes,parkinson,SimRel,MF,all_methods,annotated,57,57,184,0.2067316685141721,0.19137466671575834,0.17107659745637577,0.9070934599074959,0.3475779679843374,0.0,0.03424166625854584,0.355858333833521,0.43902924323820824,0.47220155109962103,0.6119285783248153,0.5951424741015,0.9070934599074959
astrocytes,parkinson,wang,MF,attention_zero_shot,all,30,27,184,0.45447659619931624,0.47105133091408513,0.2999715558464354,1.0,-0.10189255809911052,0.0,0.2031374025794147,0.7161150036760481,0.8561985738305731,0.8862479441346639,0.8088065967631015,0.9438491745963832,1.0
astrocytes,parkinson,wang,MF,attention_zero_shot,annotated,27,27,184,0.5049739957770181,0.526810111695339,0.272912375111175,1.0,-0.19864405605622484,0.1357624137174766,0.27260394860977805,0.7387314479249791,0.8612372011286606,0.8914758707914093,0.898673996403446,0.9476817514587129,1.0
astrocytes,parkinson,wang,MF,ig_lora,all,30,29,184,0.5023441830762672,0.5315716488147183,0.29635443034835096,1.0,-0.19632388960204816,0.06294849674770144,0.24525251048725294,0.761626379486561,0.8787325077676534,0.926158731588027,0.8917635601820355,0.9519217943838925,1.0
astrocytes,parkinson,wang,MF,ig_lora,annotated,29,29,184,0.5196663962857936,0.5492492297215994,0.2860990339929029,1.0,-0.22092410189254785,0.1276866223049844,0.2698746605103266,0.7689071838704504,0.8818807792648724,0.9271522869527833,0.9225140277745195,0.9524667457495716,1.0
astrocytes,parkinson,wang,MF,all_methods,all,60,56,184,0.4784103896377917,0.5000471904016998,0.29912751097210866,1.0,-0.14972910400877687,0.0,0.2249011022854582,0.7406531711969166,0.8652280309033311,0.9071872071890036,0.8502850784725685,0.9484085404205771,1.0
astrocytes,parkinson,wang,MF,all_methods,annotated,56,56,184,0.5125825603262054,0.5384959670660444,0.27991506299722135,1.0,-0.20722587349281685,0.12970603363312694,0.27178845801526763,0.7543573067603799,0.8696236867529613,0.9110311477971303,0.9110197269348949,0.9519217943838925,1.0
da_neurons,parkinson,wang,MF,attention_zero_shot,all,30,28,184,0.4514130112128338,0.4563254122387381,0.2891474559800082,0.9943727802463063,-0.030423575999885516,0.0,0.2111492071343666,0.6943347754019555,0.8518609982067591,0.9037333928536054,0.8460029441020517,0.9299345104323412,0.9943727802463063
da_neurons,parkinson,wang,MF,attention_zero_shot,annotated,28,28,184,0.48365679772803616,0.4855143354180038,0.2719985291503946,0.9943727802463063,-0.06994829474263142,0.10990498619620451,0.26229508196721313,0.7131008466238243,0.8579294727825618,0.9065290678901817,0.9064317258236269,0.9357821624505349,0.9943727802463063
da_neurons,parkinson,wang,MF,ig_lora,all,30,29,184,0.5062365894190005,0.5397771716030673,0.3048300932567477,1.0,-0.20583052107712585,0.05757682041484367,0.2434381610154467,0.7800454898792806,0.8950718601764341,0.9296484236826001,0.8785064316174027,0.9650489804280749,1.0
da_neurons,parkinson,wang,MF,ig_lora,annotated,29,29,184,0.5236930235368971,0.5567037319322437,0.294930091220327,1.0,-0.23848720340130913,0.07797521867229755,0.27040479051147354,0.787382055304167,0.8979198471616385,0.9305177730866888,0.9087997568455891,0.9651563720104758,1.0
da_neurons,parkinson,wang,MF,all_methods,all,60,57,184,0.4788248003159171,0.4904236206448081,0.2983541933828751,1.0,-0.10918792439196696,0.0,0.23000541511185085,0.7410316297439037,0.877120682286871,0.9191652202188958,0.8622546878597274,0.9484085404205771,1.0
da_neurons,parkinson,wang,MF,all_methods,annotated,57,57,184,0.5040261055957022,0.5150648139732734,0.28460168794271884,1.0,-0.14810902411444657,0.09402607249033684,0.264769788750671,0.7523627675323831,0.8818102530337558,0.921838580009685,0.9076365135365551,0.9513768430182133,1.0
microglia,parkinson,wang,MF,attention_zero_shot,all,30,28,184,0.4576676349737744,0.4652769249702814,0.29740511768724953,1.0,-0.02457654776380363,0.0,0.20688988879727302,0.7058517068058853,0.8744394938219273,0.9182669439247839,0.8637154908273862,0.9425534864384604,1.0
microglia,parkinson,wang,MF,attention_zero_shot,annotated,28,28,184,0.490358180329044,0.49244578954134455,0.2806021575771424,1.0,-0.07251683527697289,0.08368408499427862,0.2664860369132976,0.7259523147663698,0.8802694342236392,0.9205909731412071,0.9254094544579138,0.9473068333477448,1.0
microglia,parkinson,wang,MF,ig_lora,all,30,30,184,0.4894975498605965,0.5188522128020412,0.2950518843748596,1.0,-0.09303265217305885,0.0883686172912638,0.21322372150291577,0.7574200659204274,0.8717183966486877,0.9173843959357297,0.917896143549976,0.9673889815674883,1.0
microglia,parkinson,wang,MF,ig_lora,annotated,30,30,184,0.4894975498605965,0.5188522128020412,0.2950518843748596,1.0,-0.09303265217305885,0.0883686172912638,0.21322372150291577,0.7574200659204274,0.8717183966486877,0.9173843959357297,0.917896143549976,0.9673889815674883,1.0
microglia,parkinson,wang,MF,all_methods,all,60,58,184,0.4735825924171855,0.4865703879123863,0.2966580440849139,1.0,-0.0594210345717009,0.059971169874744344,0.21110036257032325,0.7371774182138502,0.8729303815412612,0.9180327868852459,0.8908058171886812,0.9579269437125002,1.0
microglia,parkinson,wang,MF,all_methods,annotated,58,58,184,0.48991302663846764,0.5023178762305993,0.2881669518725636,1.0,-0.08419943132903936,0.08628305207175724,0.23683854154338452,0.7443518597562965,0.87561149257822,0.919334609075742,0.9215232591607048,0.963457757179131,1.0
oligodendrocytes,parkinson,wang,MF,attention_zero_shot,all,30,28,184,0.4089646389794649,0.3744041679830243,0.28886412499205794,1.0,0.2596667621219157,0.0,0.16582614257512673,0.6504071875457662,0.8372789318634812,0.8990802063943953,0.7844809316629692,0.9002994099734143,1.0
oligodendrocytes,parkinson,wang,MF,attention_zero_shot,annotated,28,28,184,0.4381763989065694,0.4024223392570151,0.2767720294269097,1.0,0.22892945404030612,0.10661155509392163,0.20157812193182265,0.6687620599154223,0.8435842872623176,0.9028604854328639,0.8405152839246097,0.9193377296742018,1.0
oligodendrocytes,parkinson,wang,MF,ig_lora,all,30,29,184,0.4924872537118053,0.5111748880263319,0.28545182957382303,1.0,-0.18052145971521333,0.06374380137881647,0.26387343476573233,0.7356068044149994,0.8655343206015763,0.9106132936623069,0.8579959556784608,0.9472668641227119,1.0
oligodendrocytes,parkinson,wang,MF,ig_lora,annotated,29,29,184,0.5094695728053158,0.5266013280218261,0.2750282204611431,1.0,-0.196277014258556,0.12323524699826618,0.2962763323586663,0.7439965782844257,0.8677569525647155,0.9131252730636372,0.887582023115649,0.9491353293824414,1.0
oligodendrocytes,parkinson,wang,MF,all_methods,all,60,57,184,0.450725946345635,0.43969711832707226,0.29018377220335195,1.0,0.03712941907698683,0.0,0.20506032864136298,0.7002779266230995,0.854549905707419,0.9047587189170323,0.8212384436707151,0.9376318634576466,1.0
oligodendrocytes,parkinson,wang,MF,all_methods,annotated,57,57,184,0.4744483645743527,0.4666900524367111,0.27817887513805734,1.0,0.011790345509483166,0.11360519126041457,0.24000846872959114,0.7122841006546103,0.8589064439958323,0.9076968785954116,0.8644615196533841,0.9453983988629824,1.0
